month,value_W_m2,uncertainty_W_m2,product_global_W_m2
2000-03,6.235342,0.548263,5.956400
2000-04,2.182575,0.548263,1.930600
2000-05,-5.738475,0.548263,-5.929700
2000-06,-10.089472,0.548263,-10.230200
2000-07,-8.557131,0.548263,-8.708600
2000-08,-5.004150,0.548263,-5.212500
2000-09,-0.637932,0.548263,-0.899900
2000-10,1.922711,0.548263,1.659400
2000-11,4.376870,0.548263,4.152100
2000-12,6.190492,0.548263,6.005900
2001-01,9.979897,0.548263,9.778800
2001-02,9.223745,0.548263,8.970500
2001-03,7.818921,0.548263,7.539200
2001-04,1.251476,0.548263,1.001300
2001-05,-5.921999,0.548263,-6.114700
2001-06,-9.580567,0.548263,-9.725400
2001-07,-8.522410,0.548263,-8.672800
2001-08,-5.891099,0.548263,-6.095900
2001-09,0.274072,0.548263,0.012200
2001-10,1.355508,0.548263,1.095300
2001-11,3.794387,0.548263,3.573300
2001-12,5.344020,0.548263,5.155900
2002-01,8.026048,0.548263,7.819700
2002-02,8.296613,0.548263,8.044500
2002-03,6.778690,0.548263,6.496700
2002-04,0.955044,0.548263,0.699400
2002-05,-5.370166,0.548263,-5.565000
2002-06,-9.969595,0.548263,-10.112100
2002-07,-10.016225,0.548263,-10.167000
2002-08,-6.369941,0.548263,-6.579500
2002-09,-0.906870,0.548263,-1.169300
2002-10,2.856039,0.548263,2.588900
2002-11,3.742124,0.548263,3.519900
2002-12,6.233278,0.548263,6.046400
2003-01,7.816482,0.548263,7.615700
2003-02,9.093872,0.548263,8.846100
2003-03,6.684815,0.548263,6.408700
2003-04,1.543688,0.548263,1.290100
2003-05,-5.819315,0.548263,-6.007700
2003-06,-9.294531,0.548263,-9.437400
2003-07,-8.766197,0.548263,-8.913800
2003-08,-4.517459,0.548263,-4.725000
2003-09,-0.332476,0.548263,-0.592500
2003-10,1.854567,0.548263,1.589400
2003-11,3.972846,0.548263,3.748000
2003-12,6.203062,0.548263,6.014600
2004-01,8.845784,0.548263,8.640200
2004-02,9.343717,0.548263,9.094700
2004-03,5.840921,0.548263,5.567500
2004-04,2.611895,0.548263,2.358900
2004-05,-6.282968,0.548263,-6.475400
2004-06,-10.347139,0.548263,-10.487700
2004-07,-7.702037,0.548263,-7.854200
2004-08,-4.989002,0.548263,-5.197700
2004-09,0.225874,0.548263,-0.036000
2004-10,1.624786,0.548263,1.361800
2004-11,4.405582,0.548263,4.183500
2004-12,7.371149,0.548263,7.187000
2005-01,8.242518,0.548263,8.040200
2005-02,8.067176,0.548263,7.818900
2005-03,6.890689,0.548263,6.612800
2005-04,1.371697,0.548263,1.122200
2005-05,-4.124605,0.548263,-4.315000
2005-06,-9.766893,0.548263,-9.907400
2005-07,-9.701628,0.548263,-9.850100
2005-08,-5.735649,0.548263,-5.942500
2005-09,-0.397296,0.548263,-0.655300
2005-10,1.757265,0.548263,1.492200
2005-11,3.794170,0.548263,3.569800
2005-12,7.184158,0.548263,6.995400
2006-01,9.182596,0.548263,8.978000
2006-02,9.441848,0.548263,9.191500
2006-03,6.881096,0.548263,6.604000
2006-04,2.651593,0.548263,2.398300
2006-05,-4.034860,0.548263,-4.227300
2006-06,-9.064206,0.548263,-9.204700
2006-07,-9.181518,0.548263,-9.328800
2006-08,-5.602390,0.548263,-5.810600
2006-09,-0.236534,0.548263,-0.494600
2006-10,1.479183,0.548263,1.216700
2006-11,4.562354,0.548263,4.338300
2006-12,6.279149,0.548263,6.094500
2007-01,7.111958,0.548263,6.915000
2007-02,8.802519,0.548263,8.552700
2007-03,6.153970,0.548263,5.877500
2007-04,2.159672,0.548263,1.905200
2007-05,-5.429078,0.548263,-5.623800
2007-06,-8.555910,0.548263,-8.698600
2007-07,-8.709067,0.548263,-8.858400
2007-08,-5.501538,0.548263,-5.708100
2007-09,-1.503131,0.548263,-1.760300
2007-10,1.902683,0.548263,1.637300
2007-11,3.277707,0.548263,3.055300
2007-12,5.244660,0.548263,5.057400
2008-01,8.764927,0.548263,8.564700
2008-02,8.659713,0.548263,8.407200
2008-03,7.840999,0.548263,7.559300
2008-04,2.042985,0.548263,1.787800
2008-05,-3.964597,0.548263,-4.159100
2008-06,-8.486916,0.548263,-8.626700
2008-07,-7.939933,0.548263,-8.089800
2008-08,-3.659464,0.548263,-3.870800
2008-09,-0.446544,0.548263,-0.707300
2008-10,2.919401,0.548263,2.657700
2008-11,3.740276,0.548263,3.516800
2008-12,7.526446,0.548263,7.339500
2009-01,8.882862,0.548263,8.676800
2009-02,9.546546,0.548263,9.291400
2009-03,7.707372,0.548263,7.427600
2009-04,2.140474,0.548263,1.890800
2009-05,-4.203498,0.548263,-4.400300
2009-06,-7.385538,0.548263,-7.532300
2009-07,-8.677739,0.548263,-8.826000
2009-08,-4.832918,0.548263,-5.038400
2009-09,-1.135853,0.548263,-1.391800
2009-10,1.806584,0.548263,1.542000
2009-11,3.154184,0.548263,2.930300
2009-12,6.449057,0.548263,6.261900
2010-01,6.861957,0.548263,6.662600
2010-02,8.327795,0.548263,8.075200
2010-03,5.901653,0.548263,5.627700
2010-04,2.327909,0.548263,2.077600
2010-05,-5.756607,0.548263,-5.945000
2010-06,-9.590444,0.548263,-9.727200
2010-07,-9.199215,0.548263,-9.346200
2010-08,-5.842050,0.548263,-6.049100
2010-09,-0.687083,0.548263,-0.947300
2010-10,1.777255,0.548263,1.513900
2010-11,2.876525,0.548263,2.652400
2010-12,5.850877,0.548263,5.660100
2011-01,8.782799,0.548263,8.575900
2011-02,8.745405,0.548263,8.492900
2011-03,7.138768,0.548263,6.859800
2011-04,2.654895,0.548263,2.396500
2011-05,-4.075478,0.548263,-4.268900
2011-06,-9.354710,0.548263,-9.492200
2011-07,-8.836372,0.548263,-8.984400
2011-08,-5.176184,0.548263,-5.382500
2011-09,-1.107901,0.548263,-1.362500
2011-10,3.360611,0.548263,3.094500
2011-11,4.204703,0.548263,3.980400
2011-12,4.981400,0.548263,4.798600
2012-01,8.945016,0.548263,8.740500
2012-02,10.923018,0.548263,10.667800
2012-03,6.977620,0.548263,6.697900
2012-04,2.833691,0.548263,2.574500
2012-05,-4.009430,0.548263,-4.202100
2012-06,-8.605795,0.548263,-8.743200
2012-07,-8.047371,0.548263,-8.195100
2012-08,-4.322268,0.548263,-4.530500
2012-09,-0.398312,0.548263,-0.657100
2012-10,2.889659,0.548263,2.621300
2012-11,4.789868,0.548263,4.565200
2012-12,7.246640,0.548263,7.058400
2013-01,6.981218,0.548263,6.776300
2013-02,8.729475,0.548263,8.479200
2013-03,7.615252,0.548263,7.338000
2013-04,1.554231,0.548263,1.301700
2013-05,-4.610091,0.548263,-4.803800
2013-06,-9.462600,0.548263,-9.601300
2013-07,-8.209791,0.548263,-8.359400
2013-08,-4.731835,0.548263,-4.940500
2013-09,-0.525695,0.548263,-0.788700
2013-10,1.829315,0.548263,1.562700
2013-11,4.101103,0.548263,3.875200
2013-12,6.389250,0.548263,6.202000
2014-01,8.052547,0.548263,7.847600
2014-02,8.699389,0.548263,8.446500
2014-03,7.331643,0.548263,7.050600
2014-04,2.656094,0.548263,2.401500
2014-05,-4.106819,0.548263,-4.301600
2014-06,-9.432886,0.548263,-9.572000
2014-07,-9.233086,0.548263,-9.379600
2014-08,-4.003531,0.548263,-4.211400
2014-09,0.078286,0.548263,-0.183100
2014-10,2.492410,0.548263,2.226100
2014-11,4.323599,0.548263,4.097500
2014-12,6.039300,0.548263,5.851800
2015-01,7.608503,0.548263,7.408400
2015-02,9.463825,0.548263,9.211200
2015-03,7.373997,0.548263,7.097100
2015-04,2.570781,0.548263,2.315400
2015-05,-4.105531,0.548263,-4.297300
2015-06,-8.761303,0.548263,-8.898800
2015-07,-7.906916,0.548263,-8.054200
2015-08,-4.009265,0.548263,-4.213700
2015-09,0.469757,0.548263,0.213800
2015-10,2.556826,0.548263,2.294900
2015-11,4.129293,0.548263,3.903500
2015-12,6.302136,0.548263,6.118600
2016-01,8.196204,0.548263,7.996600
2016-02,7.562201,0.548263,7.313400
2016-03,6.602569,0.548263,6.322400
2016-04,1.732118,0.548263,1.480900
2016-05,-4.700878,0.548263,-4.892700
2016-06,-7.391577,0.548263,-7.532200
2016-07,-8.033905,0.548263,-8.185200
2016-08,-4.430133,0.548263,-4.638200
2016-09,0.021897,0.548263,-0.238000
2016-10,2.308439,0.548263,2.043700
2016-11,5.043712,0.548263,4.818000
2016-12,7.061183,0.548263,6.874200
2017-01,9.481858,0.548263,9.276700
2017-02,9.963330,0.548263,9.708300
2017-03,7.529215,0.548263,7.248800
2017-04,2.183218,0.548263,1.928100
2017-05,-5.019021,0.548263,-5.214000
2017-06,-8.295645,0.548263,-8.436000
2017-07,-7.956936,0.548263,-8.103800
2017-08,-4.864608,0.548263,-5.074100
2017-09,-0.784359,0.548263,-1.043800
2017-10,1.626115,0.548263,1.362800
2017-11,4.232236,0.548263,4.009400
2017-12,5.878445,0.548263,5.697000
2018-01,9.049717,0.548263,8.850500
2018-02,9.414695,0.548263,9.158300
2018-03,6.984712,0.548263,6.707000
2018-04,3.249521,0.548263,2.994200
2018-05,-4.221574,0.548263,-4.414800
2018-06,-9.414122,0.548263,-9.555000
2018-07,-8.389226,0.548263,-8.537400
2018-08,-4.595812,0.548263,-4.803600
2018-09,0.682114,0.548263,0.424200
2018-10,3.246891,0.548263,2.982100
2018-11,5.340918,0.548263,5.117800
2018-12,7.650657,0.548263,7.466900
2019-01,8.864524,0.548263,8.661300
2019-02,9.700554,0.548263,9.451500
2019-03,7.624116,0.548263,7.348200
2019-04,2.442753,0.548263,2.188900
2019-05,-4.214320,0.548263,-4.408000
2019-06,-8.262968,0.548263,-8.401400
2019-07,-8.021134,0.548263,-8.171700
2019-08,-4.759712,0.548263,-4.966100
2019-09,0.283580,0.548263,0.021300
2019-10,3.762061,0.548263,3.494400
2019-11,4.971781,0.548263,4.745000
2019-12,6.442539,0.548263,6.253900
2020-01,8.378448,0.548263,8.176800
2020-02,8.661177,0.548263,8.412700
2020-03,7.294841,0.548263,7.020100
2020-04,2.656013,0.548263,2.401600
2020-05,-4.550479,0.548263,-4.741800
2020-06,-8.735324,0.548263,-8.877500
2020-07,-8.280536,0.548263,-8.431900
2020-08,-3.993955,0.548263,-4.200700
2020-09,-0.439148,0.548263,-0.698000
2020-10,1.689704,0.548263,1.427000
2020-11,3.244212,0.548263,3.021100
2020-12,5.482960,0.548263,5.293700
2021-01,8.371869,0.548263,8.166000
2021-02,9.136853,0.548263,8.885400
2021-03,7.973225,0.548263,7.694800
2021-04,3.214990,0.548263,2.960800
2021-05,-4.173490,0.548263,-4.365200
2021-06,-7.146911,0.548263,-7.287600
2021-07,-7.868905,0.548263,-8.019400
2021-08,-3.914715,0.548263,-4.126300
2021-09,0.667356,0.548263,0.407000
2021-10,2.825758,0.548263,2.563700
2021-11,5.216091,0.548263,4.996600
2021-12,6.440232,0.548263,6.254900
2022-01,9.456515,0.548263,9.253000
2022-02,9.686657,0.548263,9.436700
2022-03,7.657567,0.548263,7.378300
2022-04,2.048341,0.548263,1.794900
2022-05,-5.092377,0.548263,-5.281900
2022-06,-7.244175,0.548263,-7.389300
2022-07,-8.507378,0.548263,-8.656500
2022-08,-3.654792,0.548263,-3.861300
2022-09,0.496690,0.548263,0.238700
2022-10,3.003509,0.548263,2.742800
2022-11,4.886228,0.548263,4.662500
2022-12,7.878299,0.548263,7.690800
2023-01,9.763727,0.548263,9.561600
2023-02,10.266803,0.548263,10.014000
2023-03,8.585689,0.548263,8.301000
2023-04,4.169471,0.548263,3.909300
2023-05,-3.121049,0.548263,-3.314400
2023-06,-7.811544,0.548263,-7.953100
2023-07,-7.840465,0.548263,-7.987500
2023-08,-3.863881,0.548263,-4.071900
2023-09,0.390123,0.548263,0.131900
2023-10,2.493937,0.548263,2.228300
2023-11,4.713274,0.548263,4.488400
2023-12,6.962821,0.548263,6.774800
2024-01,8.201718,0.548263,8.002900
2024-02,8.993063,0.548263,8.742000
2024-03,6.994660,0.548263,6.714700
2024-04,2.530030,0.548263,2.276700
2024-05,-5.702255,0.548263,-5.892700
2024-06,-8.730616,0.548263,-8.870100
2024-07,-8.624913,0.548263,-8.773200
2024-08,-4.365514,0.548263,-4.574700
2024-09,-0.102718,0.548263,-0.359900
2024-10,2.708695,0.548263,2.445600
2024-11,4.431146,0.548263,4.210400
2024-12,6.072005,0.548263,5.887700
2025-01,9.906277,0.548263,9.705200
2025-02,9.257997,0.548263,9.004400
2025-03,7.640429,0.548263,7.359100
2025-04,2.233960,0.548263,1.977600
2025-05,-4.826986,0.548263,-5.021500
2025-06,-8.785014,0.548263,-8.927000
2025-07,-7.760766,0.548263,-7.909400
2025-08,-3.529218,0.548263,-3.739200
2025-09,0.619698,0.548263,0.357400
2025-10,2.545600,0.548263,2.280000
2025-11,4.880491,0.548263,4.655900
2025-12,8.197579,0.548263,8.008000
2026-01,9.989758,0.548263,9.783400
2026-02,10.667515,0.548263,10.411600
2026-03,7.859479,0.548263,7.576500
2026-04,3.598502,0.548263,3.339100
2026-05,-4.934967,0.548263,-5.126500
