ice_sheet,domain,month,value_m,uncertainty_m,volume_km3,area_km2,n_cells,sampling
antarctica,ice_shelves,1992-03,-0.037222,0.018486,-57.5781,1546886.79,410013,quarterly
antarctica,ice_shelves,1992-06,-0.015070,0.018486,-23.3120,1546886.79,410013,quarterly
antarctica,ice_shelves,1992-09,0.009703,0.018486,15.0089,1546886.79,410013,quarterly
antarctica,ice_shelves,1992-12,-0.010327,0.018486,-15.9747,1546886.79,410013,quarterly
antarctica,ice_shelves,1993-03,-0.049086,0.018486,-75.9301,1546886.79,410013,quarterly
antarctica,ice_shelves,1993-06,-0.020928,0.018486,-32.3727,1546886.79,410013,quarterly
antarctica,ice_shelves,1993-09,0.013093,0.018486,20.2527,1546886.79,410013,quarterly
antarctica,ice_shelves,1993-12,0.004057,0.018486,6.2756,1546886.79,410013,quarterly
antarctica,ice_shelves,1994-03,-0.022629,0.018486,-35.0043,1546886.79,410013,quarterly
antarctica,ice_shelves,1994-06,-0.006462,0.018486,-9.9961,1546886.79,410013,quarterly
antarctica,ice_shelves,1994-09,0.015785,0.018486,24.4169,1546886.79,410013,quarterly
antarctica,ice_shelves,1994-12,-0.002162,0.018486,-3.3450,1546886.79,410013,quarterly
antarctica,ice_shelves,1995-03,-0.035586,0.018486,-55.0472,1546886.79,410013,quarterly
antarctica,ice_shelves,1995-06,-0.016341,0.018486,-25.2780,1546886.79,410013,quarterly
antarctica,ice_shelves,1995-09,0.010168,0.018486,15.7280,1546886.79,410013,quarterly
antarctica,ice_shelves,1995-12,-0.010946,0.018486,-16.9327,1546886.79,410013,quarterly
antarctica,ice_shelves,1996-03,-0.047693,0.018486,-73.7754,1546886.79,410013,quarterly
antarctica,ice_shelves,1996-06,-0.028961,0.018486,-44.7989,1546886.79,410013,quarterly
antarctica,ice_shelves,1996-09,0.001098,0.018486,1.6977,1546886.79,410013,quarterly
antarctica,ice_shelves,1996-12,-0.013861,0.018486,-21.4415,1546886.79,410013,quarterly
antarctica,ice_shelves,1997-03,-0.045520,0.018486,-70.4138,1546886.79,410013,quarterly
antarctica,ice_shelves,1997-06,-0.018260,0.018486,-28.2460,1546886.79,410013,quarterly
antarctica,ice_shelves,1997-09,0.006230,0.018486,9.6378,1546886.79,410013,quarterly
antarctica,ice_shelves,1997-12,-0.025764,0.018486,-39.8533,1546886.79,410013,quarterly
antarctica,ice_shelves,1998-03,-0.068200,0.018486,-105.4972,1546886.79,410013,quarterly
antarctica,ice_shelves,1998-06,-0.039706,0.018486,-61.4214,1546886.79,410013,quarterly
antarctica,ice_shelves,1998-09,-0.015547,0.018486,-24.0494,1546886.79,410013,quarterly
antarctica,ice_shelves,1998-12,-0.036005,0.018486,-55.6953,1546886.79,410013,quarterly
antarctica,ice_shelves,1999-03,-0.069923,0.018486,-108.1632,1546886.79,410013,quarterly
antarctica,ice_shelves,1999-06,-0.050925,0.018486,-78.7752,1546886.79,410013,quarterly
antarctica,ice_shelves,1999-09,-0.013506,0.018486,-20.8926,1546886.79,410013,quarterly
antarctica,ice_shelves,1999-12,-0.013533,0.018486,-20.9337,1546886.79,410013,quarterly
antarctica,ice_shelves,2000-03,-0.037649,0.018486,-58.2382,1546886.79,410013,quarterly
antarctica,ice_shelves,2000-06,-0.017142,0.018486,-26.5171,1546886.79,410013,quarterly
antarctica,ice_shelves,2000-09,0.007999,0.018486,12.3737,1546886.79,410013,quarterly
antarctica,ice_shelves,2000-12,-0.006336,0.018486,-9.8011,1546886.79,410013,quarterly
antarctica,ice_shelves,2001-03,-0.039114,0.018486,-60.5043,1546886.79,410013,quarterly
antarctica,ice_shelves,2001-06,-0.020801,0.018486,-32.1775,1546886.79,410013,quarterly
antarctica,ice_shelves,2001-09,0.009484,0.018486,14.6702,1546886.79,410013,quarterly
antarctica,ice_shelves,2001-12,0.005873,0.018486,9.0845,1546886.79,410013,quarterly
antarctica,ice_shelves,2002-03,-0.013353,0.018486,-20.6552,1546886.79,410013,quarterly
antarctica,ice_shelves,2002-06,0.010323,0.018486,15.9681,1546886.79,410013,quarterly
antarctica,ice_shelves,2002-09,0.036377,0.018486,56.2705,1546886.79,410013,quarterly
antarctica,ice_shelves,2002-12,0.016723,0.018486,25.8688,1546886.79,410013,quarterly
antarctica,ice_shelves,2003-03,-0.023141,0.018486,-35.7970,1546886.79,410013,quarterly
antarctica,ice_shelves,2003-06,-0.006649,0.018486,-10.2855,1546886.79,410013,quarterly
antarctica,ice_shelves,2003-09,0.019292,0.018486,29.8419,1546886.79,410013,quarterly
antarctica,ice_shelves,2003-12,0.005383,0.018486,8.3275,1546886.79,410013,quarterly
antarctica,ice_shelves,2004-03,-0.031706,0.018486,-49.0460,1546886.79,410013,quarterly
antarctica,ice_shelves,2004-06,-0.011964,0.018486,-18.5065,1546886.79,410013,quarterly
antarctica,ice_shelves,2004-09,0.018955,0.018486,29.3215,1546886.79,410013,quarterly
antarctica,ice_shelves,2004-12,0.001549,0.018486,2.3958,1546886.79,410013,quarterly
antarctica,ice_shelves,2005-03,-0.033279,0.018486,-51.4789,1546886.79,410013,quarterly
antarctica,ice_shelves,2005-06,-0.009555,0.018486,-14.7799,1546886.79,410013,quarterly
antarctica,ice_shelves,2005-09,0.020956,0.018486,32.4166,1546886.79,410013,quarterly
antarctica,ice_shelves,2005-12,0.000074,0.018486,0.1151,1546886.79,410013,quarterly
antarctica,ice_shelves,2006-03,-0.032509,0.018486,-50.2871,1546886.79,410013,quarterly
antarctica,ice_shelves,2006-06,-0.004539,0.018486,-7.0221,1546886.79,410013,quarterly
antarctica,ice_shelves,2006-09,0.025939,0.018486,40.1244,1546886.79,410013,quarterly
antarctica,ice_shelves,2006-12,0.013272,0.018486,20.5304,1546886.79,410013,quarterly
antarctica,ice_shelves,2007-03,-0.020837,0.018486,-32.2320,1546886.79,410013,quarterly
antarctica,ice_shelves,2007-06,-0.007180,0.018486,-11.1062,1546886.79,410013,quarterly
antarctica,ice_shelves,2007-09,0.015682,0.018486,24.2576,1546886.79,410013,quarterly
antarctica,ice_shelves,2007-12,0.001497,0.018486,2.3163,1546886.79,410013,quarterly
antarctica,ice_shelves,2008-03,-0.021854,0.018486,-33.8055,1546886.79,410013,quarterly
antarctica,ice_shelves,2008-06,-0.002118,0.018486,-3.2761,1546886.79,410013,quarterly
antarctica,ice_shelves,2008-09,0.025896,0.018486,40.0576,1546886.79,410013,quarterly
antarctica,ice_shelves,2008-12,0.016036,0.018486,24.8060,1546886.79,410013,quarterly
antarctica,ice_shelves,2009-03,-0.008389,0.018486,-12.9772,1546886.79,410013,quarterly
antarctica,ice_shelves,2009-06,0.012531,0.018486,19.3838,1546886.79,410013,quarterly
antarctica,ice_shelves,2009-09,0.032874,0.018486,50.8521,1546886.79,410013,quarterly
antarctica,ice_shelves,2009-12,0.012683,0.018486,19.6188,1546886.79,410013,quarterly
antarctica,ice_shelves,2010-03,-0.032442,0.018486,-50.1845,1546886.79,410013,quarterly
antarctica,ice_shelves,2010-06,-0.020303,0.018486,-31.4070,1546886.79,410013,quarterly
antarctica,ice_shelves,2010-09,0.008065,0.018486,12.4762,1546886.79,410013,quarterly
antarctica,ice_shelves,2010-12,-0.005470,0.018486,-8.4610,1546886.79,410013,quarterly
antarctica,ice_shelves,2011-03,-0.036091,0.018486,-55.8293,1546886.79,410013,quarterly
antarctica,ice_shelves,2011-06,-0.007785,0.018486,-12.0424,1546886.79,410013,quarterly
antarctica,ice_shelves,2011-09,0.030273,0.018486,46.8291,1546886.79,410013,quarterly
antarctica,ice_shelves,2011-12,0.020921,0.018486,32.3617,1546886.79,410013,quarterly
antarctica,ice_shelves,2012-03,-0.000245,0.018486,-0.3794,1546886.79,410013,quarterly
antarctica,ice_shelves,2012-06,0.023686,0.018486,36.6390,1546886.79,410013,quarterly
antarctica,ice_shelves,2012-09,0.049010,0.018486,75.8132,1546886.79,410013,quarterly
antarctica,ice_shelves,2012-12,0.022905,0.018486,35.4309,1546886.79,410013,quarterly
antarctica,ice_shelves,2013-03,-0.016594,0.018486,-25.6693,1546886.79,410013,quarterly
antarctica,ice_shelves,2013-06,0.011252,0.018486,17.4050,1546886.79,410013,quarterly
antarctica,ice_shelves,2013-09,0.043059,0.018486,66.6077,1546886.79,410013,quarterly
antarctica,ice_shelves,2013-12,0.026829,0.018486,41.5018,1546886.79,410013,quarterly
antarctica,ice_shelves,2014-03,-0.004112,0.018486,-6.3601,1546886.79,410013,quarterly
antarctica,ice_shelves,2014-06,0.020121,0.018486,31.1247,1546886.79,410013,quarterly
antarctica,ice_shelves,2014-09,0.053108,0.018486,82.1524,1546886.79,410013,quarterly
antarctica,ice_shelves,2014-12,0.043738,0.018486,67.6574,1546886.79,410013,quarterly
antarctica,ice_shelves,2015-03,0.011705,0.018486,18.1069,1546886.79,410013,quarterly
antarctica,ice_shelves,2015-06,0.028749,0.018486,44.4716,1546886.79,410013,quarterly
antarctica,ice_shelves,2015-09,0.058680,0.018486,90.7716,1546886.79,410013,quarterly
antarctica,ice_shelves,2015-12,0.051860,0.018486,80.2216,1546886.79,410013,quarterly
antarctica,ice_shelves,2016-03,0.018161,0.018486,28.0929,1546886.79,410013,quarterly
antarctica,ice_shelves,2016-06,0.037792,0.018486,58.4598,1546886.79,410013,quarterly
antarctica,ice_shelves,2016-09,0.067149,0.018486,103.8717,1546886.79,410013,quarterly
antarctica,ice_shelves,2016-12,0.053285,0.018486,82.4263,1546886.79,410013,quarterly
antarctica,ice_shelves,2017-03,0.017043,0.018486,26.3634,1546886.79,410013,quarterly
antarctica,ice_shelves,2017-06,0.040480,0.018486,62.6177,1546886.79,410013,quarterly
antarctica,ice_shelves,2017-09,0.077920,0.018486,120.5330,1546886.79,410013,quarterly
greenland,ice_sheet,1992-01,0.359360,0.143502,622.7656,1732985.13,464999,monthly
greenland,ice_sheet,1992-02,0.384387,0.145327,666.1371,1732985.13,464999,monthly
greenland,ice_sheet,1992-03,0.409417,0.147984,709.5128,1732985.13,464999,monthly
greenland,ice_sheet,1992-04,0.423115,0.147426,733.2520,1732985.13,464999,monthly
greenland,ice_sheet,1992-05,0.425662,0.141266,737.6664,1732985.13,464999,monthly
greenland,ice_sheet,1992-06,0.406952,0.136762,705.2421,1732985.13,464999,monthly
greenland,ice_sheet,1992-07,0.379139,0.134492,657.0421,1732985.13,464999,monthly
greenland,ice_sheet,1992-08,0.347118,0.135013,601.5498,1732985.13,464999,monthly
greenland,ice_sheet,1992-09,0.342442,0.137539,593.4466,1732985.13,464999,monthly
greenland,ice_sheet,1992-10,0.358522,0.139217,621.3138,1732985.13,464999,monthly
greenland,ice_sheet,1992-11,0.382816,0.139666,663.4152,1732985.13,464999,monthly
greenland,ice_sheet,1992-12,0.401964,0.142042,696.5975,1732985.13,464999,monthly
greenland,ice_sheet,1993-01,0.419859,0.140637,727.6099,1732985.13,464999,monthly
greenland,ice_sheet,1993-02,0.445862,0.141402,772.6716,1732985.13,464999,monthly
greenland,ice_sheet,1993-03,0.470108,0.142065,814.6905,1732985.13,464999,monthly
greenland,ice_sheet,1993-04,0.492780,0.146816,853.9806,1732985.13,464999,monthly
greenland,ice_sheet,1993-05,0.486890,0.151973,843.7724,1732985.13,464999,monthly
greenland,ice_sheet,1993-06,0.449668,0.156912,779.2679,1732985.13,464999,monthly
greenland,ice_sheet,1993-07,0.397587,0.155598,689.0122,1732985.13,464999,monthly
greenland,ice_sheet,1993-08,0.353713,0.148832,612.9794,1732985.13,464999,monthly
greenland,ice_sheet,1993-09,0.340261,0.142752,589.6670,1732985.13,464999,monthly
greenland,ice_sheet,1993-10,0.363002,0.140920,629.0779,1732985.13,464999,monthly
greenland,ice_sheet,1993-11,0.397872,0.146549,689.5063,1732985.13,464999,monthly
greenland,ice_sheet,1993-12,0.427846,0.150263,741.4500,1732985.13,464999,monthly
greenland,ice_sheet,1994-01,0.457271,0.154525,792.4431,1732985.13,464999,monthly
greenland,ice_sheet,1994-02,0.476105,0.156948,825.0822,1732985.13,464999,monthly
greenland,ice_sheet,1994-03,0.492788,0.157348,853.9950,1732985.13,464999,monthly
greenland,ice_sheet,1994-04,0.504371,0.159800,874.0675,1732985.13,464999,monthly
greenland,ice_sheet,1994-05,0.499223,0.158750,865.1459,1732985.13,464999,monthly
greenland,ice_sheet,1994-06,0.465954,0.156737,807.4909,1732985.13,464999,monthly
greenland,ice_sheet,1994-07,0.417178,0.149699,722.9635,1732985.13,464999,monthly
greenland,ice_sheet,1994-08,0.372260,0.142206,645.1212,1732985.13,464999,monthly
greenland,ice_sheet,1994-09,0.349577,0.137754,605.8118,1732985.13,464999,monthly
greenland,ice_sheet,1994-10,0.353073,0.137744,611.8708,1732985.13,464999,monthly
greenland,ice_sheet,1994-11,0.364954,0.140249,632.4595,1732985.13,464999,monthly
greenland,ice_sheet,1994-12,0.374168,0.142327,648.4269,1732985.13,464999,monthly
greenland,ice_sheet,1995-01,0.381180,0.143436,660.5789,1732985.13,464999,monthly
greenland,ice_sheet,1995-02,0.385136,0.142726,667.4348,1732985.13,464999,monthly
greenland,ice_sheet,1995-03,0.386588,0.141464,669.9514,1732985.13,464999,monthly
greenland,ice_sheet,1995-04,0.387022,0.140253,670.7038,1732985.13,464999,monthly
greenland,ice_sheet,1995-05,0.377452,0.140847,654.1188,1732985.13,464999,monthly
greenland,ice_sheet,1995-06,0.338143,0.137748,585.9975,1732985.13,464999,monthly
greenland,ice_sheet,1995-07,0.285773,0.130408,495.2405,1732985.13,464999,monthly
greenland,ice_sheet,1995-08,0.241176,0.119749,417.9541,1732985.13,464999,monthly
greenland,ice_sheet,1995-09,0.221279,0.111173,383.4739,1732985.13,464999,monthly
greenland,ice_sheet,1995-10,0.238419,0.107735,413.1774,1732985.13,464999,monthly
greenland,ice_sheet,1995-11,0.275050,0.108113,476.6575,1732985.13,464999,monthly
greenland,ice_sheet,1995-12,0.312236,0.108215,541.1005,1732985.13,464999,monthly
greenland,ice_sheet,1996-01,0.361876,0.112540,627.1263,1732985.13,464999,monthly
greenland,ice_sheet,1996-02,0.411707,0.119305,713.4815,1732985.13,464999,monthly
greenland,ice_sheet,1996-03,0.453272,0.125393,785.5130,1732985.13,464999,monthly
greenland,ice_sheet,1996-04,0.482845,0.133886,836.7631,1732985.13,464999,monthly
greenland,ice_sheet,1996-05,0.484116,0.141462,838.9663,1732985.13,464999,monthly
greenland,ice_sheet,1996-06,0.451300,0.141946,782.0964,1732985.13,464999,monthly
greenland,ice_sheet,1996-07,0.411445,0.137662,713.0272,1732985.13,464999,monthly
greenland,ice_sheet,1996-08,0.381194,0.131424,660.6043,1732985.13,464999,monthly
greenland,ice_sheet,1996-09,0.378664,0.128730,656.2190,1732985.13,464999,monthly
greenland,ice_sheet,1996-10,0.393466,0.130754,681.8712,1732985.13,464999,monthly
greenland,ice_sheet,1996-11,0.417705,0.133962,723.8772,1732985.13,464999,monthly
greenland,ice_sheet,1996-12,0.448809,0.138664,777.7792,1732985.13,464999,monthly
greenland,ice_sheet,1997-01,0.485182,0.143504,840.8132,1732985.13,464999,monthly
greenland,ice_sheet,1997-02,0.515193,0.149725,892.8214,1732985.13,464999,monthly
greenland,ice_sheet,1997-03,0.533851,0.152827,925.1562,1732985.13,464999,monthly
greenland,ice_sheet,1997-04,0.543133,0.155154,941.2414,1732985.13,464999,monthly
greenland,ice_sheet,1997-05,0.535022,0.162070,927.1844,1732985.13,464999,monthly
greenland,ice_sheet,1997-06,0.500873,0.163166,868.0050,1732985.13,464999,monthly
greenland,ice_sheet,1997-07,0.449347,0.158989,778.7124,1732985.13,464999,monthly
greenland,ice_sheet,1997-08,0.407178,0.151153,705.6332,1732985.13,464999,monthly
greenland,ice_sheet,1997-09,0.396883,0.143323,687.7923,1732985.13,464999,monthly
greenland,ice_sheet,1997-10,0.413203,0.144220,716.0741,1732985.13,464999,monthly
greenland,ice_sheet,1997-11,0.445197,0.147060,771.5196,1732985.13,464999,monthly
greenland,ice_sheet,1997-12,0.476062,0.152656,825.0092,1732985.13,464999,monthly
greenland,ice_sheet,1998-01,0.505281,0.158533,875.6440,1732985.13,464999,monthly
greenland,ice_sheet,1998-02,0.531801,0.162937,921.6025,1732985.13,464999,monthly
greenland,ice_sheet,1998-03,0.551170,0.165392,955.1693,1732985.13,464999,monthly
greenland,ice_sheet,1998-04,0.568300,0.170213,984.8562,1732985.13,464999,monthly
greenland,ice_sheet,1998-05,0.561818,0.178217,973.6222,1732985.13,464999,monthly
greenland,ice_sheet,1998-06,0.519919,0.185064,901.0115,1732985.13,464999,monthly
greenland,ice_sheet,1998-07,0.458617,0.185561,794.7762,1732985.13,464999,monthly
greenland,ice_sheet,1998-08,0.401097,0.184290,695.0953,1732985.13,464999,monthly
greenland,ice_sheet,1998-09,0.370934,0.180428,642.8228,1732985.13,464999,monthly
greenland,ice_sheet,1998-10,0.371481,0.178966,643.7715,1732985.13,464999,monthly
greenland,ice_sheet,1998-11,0.383727,0.179717,664.9931,1732985.13,464999,monthly
greenland,ice_sheet,1998-12,0.402334,0.180461,697.2388,1732985.13,464999,monthly
greenland,ice_sheet,1999-01,0.426021,0.181346,738.2875,1732985.13,464999,monthly
greenland,ice_sheet,1999-02,0.446284,0.180866,773.4043,1732985.13,464999,monthly
greenland,ice_sheet,1999-03,0.462114,0.178586,800.8374,1732985.13,464999,monthly
greenland,ice_sheet,1999-04,0.476879,0.175418,826.4248,1732985.13,464999,monthly
greenland,ice_sheet,1999-05,0.478631,0.174065,829.4608,1732985.13,464999,monthly
greenland,ice_sheet,1999-06,0.449379,0.176695,778.7674,1732985.13,464999,monthly
greenland,ice_sheet,1999-07,0.402726,0.179154,697.9186,1732985.13,464999,monthly
greenland,ice_sheet,1999-08,0.357265,0.183136,619.1347,1732985.13,464999,monthly
greenland,ice_sheet,1999-09,0.338947,0.182230,587.3908,1732985.13,464999,monthly
greenland,ice_sheet,1999-10,0.357875,0.181029,620.1926,1732985.13,464999,monthly
greenland,ice_sheet,1999-11,0.384514,0.183355,666.3566,1732985.13,464999,monthly
greenland,ice_sheet,1999-12,0.416685,0.184222,722.1085,1732985.13,464999,monthly
greenland,ice_sheet,2000-01,0.447115,0.187705,774.8432,1732985.13,464999,monthly
greenland,ice_sheet,2000-02,0.469875,0.186229,814.2859,1732985.13,464999,monthly
greenland,ice_sheet,2000-03,0.491930,0.186628,852.5070,1732985.13,464999,monthly
greenland,ice_sheet,2000-04,0.507170,0.184046,878.9174,1732985.13,464999,monthly
greenland,ice_sheet,2000-05,0.509094,0.186739,882.2516,1732985.13,464999,monthly
greenland,ice_sheet,2000-06,0.480142,0.185509,832.0781,1732985.13,464999,monthly
greenland,ice_sheet,2000-07,0.426598,0.178919,739.2883,1732985.13,464999,monthly
greenland,ice_sheet,2000-08,0.374681,0.168263,649.3160,1732985.13,464999,monthly
greenland,ice_sheet,2000-09,0.352679,0.157987,611.1879,1732985.13,464999,monthly
greenland,ice_sheet,2000-10,0.360019,0.154427,623.9079,1732985.13,464999,monthly
greenland,ice_sheet,2000-11,0.380868,0.156371,660.0393,1732985.13,464999,monthly
greenland,ice_sheet,2000-12,0.396676,0.153193,687.4340,1732985.13,464999,monthly
greenland,ice_sheet,2001-01,0.421622,0.153160,730.6646,1732985.13,464999,monthly
greenland,ice_sheet,2001-02,0.440711,0.151878,763.7457,1732985.13,464999,monthly
greenland,ice_sheet,2001-03,0.456832,0.150466,791.6835,1732985.13,464999,monthly
greenland,ice_sheet,2001-04,0.466553,0.150047,808.5298,1732985.13,464999,monthly
greenland,ice_sheet,2001-05,0.458012,0.149328,793.7286,1732985.13,464999,monthly
greenland,ice_sheet,2001-06,0.429894,0.147127,745.0003,1732985.13,464999,monthly
greenland,ice_sheet,2001-07,0.388249,0.147950,672.8290,1732985.13,464999,monthly
greenland,ice_sheet,2001-08,0.351169,0.147203,608.5715,1732985.13,464999,monthly
greenland,ice_sheet,2001-09,0.339525,0.146023,588.3913,1732985.13,464999,monthly
greenland,ice_sheet,2001-10,0.354429,0.142993,614.2195,1732985.13,464999,monthly
greenland,ice_sheet,2001-11,0.393739,0.141099,682.3430,1732985.13,464999,monthly
greenland,ice_sheet,2001-12,0.440975,0.144698,764.2035,1732985.13,464999,monthly
greenland,ice_sheet,2002-01,0.484150,0.151198,839.0253,1732985.13,464999,monthly
greenland,ice_sheet,2002-02,0.511605,0.158041,886.6032,1732985.13,464999,monthly
greenland,ice_sheet,2002-03,0.520538,0.160469,902.0845,1732985.13,464999,monthly
greenland,ice_sheet,2002-04,0.521619,0.160618,903.9587,1732985.13,464999,monthly
greenland,ice_sheet,2002-05,0.500472,0.162952,867.3097,1732985.13,464999,monthly
greenland,ice_sheet,2002-06,0.438399,0.159846,759.7397,1732985.13,464999,monthly
greenland,ice_sheet,2002-07,0.366539,0.152490,635.2074,1732985.13,464999,monthly
greenland,ice_sheet,2002-08,0.305250,0.140218,528.9937,1732985.13,464999,monthly
greenland,ice_sheet,2002-09,0.292684,0.132522,507.2166,1732985.13,464999,monthly
greenland,ice_sheet,2002-10,0.309850,0.132462,536.9650,1732985.13,464999,monthly
greenland,ice_sheet,2002-11,0.348006,0.138056,603.0886,1732985.13,464999,monthly
greenland,ice_sheet,2002-12,0.383427,0.146272,664.4727,1732985.13,464999,monthly
greenland,ice_sheet,2003-01,0.422258,0.151962,731.7677,1732985.13,464999,monthly
greenland,ice_sheet,2003-02,0.456001,0.158057,790.2429,1732985.13,464999,monthly
greenland,ice_sheet,2003-03,0.485001,0.161091,840.4991,1732985.13,464999,monthly
greenland,ice_sheet,2003-04,0.512345,0.167808,887.8859,1732985.13,464999,monthly
greenland,ice_sheet,2003-05,0.514851,0.180486,892.2289,1732985.13,464999,monthly
greenland,ice_sheet,2003-06,0.483736,0.192668,838.3078,1732985.13,464999,monthly
greenland,ice_sheet,2003-07,0.433905,0.200089,751.9513,1732985.13,464999,monthly
greenland,ice_sheet,2003-08,0.385142,0.200255,667.4449,1732985.13,464999,monthly
greenland,ice_sheet,2003-09,0.367196,0.197100,636.3446,1732985.13,464999,monthly
greenland,ice_sheet,2003-10,0.374468,0.198255,648.9481,1732985.13,464999,monthly
greenland,ice_sheet,2003-11,0.396090,0.197913,686.4185,1732985.13,464999,monthly
greenland,ice_sheet,2003-12,0.413184,0.199123,716.0422,1732985.13,464999,monthly
greenland,ice_sheet,2004-01,0.426847,0.195430,739.7193,1732985.13,464999,monthly
greenland,ice_sheet,2004-02,0.449755,0.192084,779.4180,1732985.13,464999,monthly
greenland,ice_sheet,2004-03,0.473802,0.190902,821.0920,1732985.13,464999,monthly
greenland,ice_sheet,2004-04,0.497064,0.192489,861.4040,1732985.13,464999,monthly
greenland,ice_sheet,2004-05,0.488873,0.197496,847.2105,1732985.13,464999,monthly
greenland,ice_sheet,2004-06,0.439407,0.197168,761.4861,1732985.13,464999,monthly
greenland,ice_sheet,2004-07,0.377661,0.195759,654.4806,1732985.13,464999,monthly
greenland,ice_sheet,2004-08,0.324287,0.190426,561.9854,1732985.13,464999,monthly
greenland,ice_sheet,2004-09,0.307356,0.183812,532.6435,1732985.13,464999,monthly
greenland,ice_sheet,2004-10,0.318338,0.180474,551.6747,1732985.13,464999,monthly
greenland,ice_sheet,2004-11,0.336021,0.177798,582.3199,1732985.13,464999,monthly
greenland,ice_sheet,2004-12,0.354233,0.173274,613.8811,1732985.13,464999,monthly
greenland,ice_sheet,2005-01,0.384629,0.167730,666.5571,1732985.13,464999,monthly
greenland,ice_sheet,2005-02,0.425558,0.164822,737.4853,1732985.13,464999,monthly
greenland,ice_sheet,2005-03,0.466679,0.163125,808.7470,1732985.13,464999,monthly
greenland,ice_sheet,2005-04,0.496140,0.167207,859.8027,1732985.13,464999,monthly
greenland,ice_sheet,2005-05,0.485610,0.169923,841.5542,1732985.13,464999,monthly
greenland,ice_sheet,2005-06,0.437848,0.168227,758.7835,1732985.13,464999,monthly
greenland,ice_sheet,2005-07,0.364943,0.162198,632.4409,1732985.13,464999,monthly
greenland,ice_sheet,2005-08,0.301074,0.154740,521.7571,1732985.13,464999,monthly
greenland,ice_sheet,2005-09,0.265964,0.150186,460.9116,1732985.13,464999,monthly
greenland,ice_sheet,2005-10,0.266806,0.145770,462.3701,1732985.13,464999,monthly
greenland,ice_sheet,2005-11,0.287322,0.141864,497.9246,1732985.13,464999,monthly
greenland,ice_sheet,2005-12,0.315393,0.140081,546.5721,1732985.13,464999,monthly
greenland,ice_sheet,2006-01,0.349228,0.140979,605.2064,1732985.13,464999,monthly
greenland,ice_sheet,2006-02,0.373189,0.143704,646.7309,1732985.13,464999,monthly
greenland,ice_sheet,2006-03,0.386925,0.142488,670.5349,1732985.13,464999,monthly
greenland,ice_sheet,2006-04,0.395294,0.142768,685.0391,1732985.13,464999,monthly
greenland,ice_sheet,2006-05,0.390102,0.139506,676.0418,1732985.13,464999,monthly
greenland,ice_sheet,2006-06,0.361672,0.136304,626.7723,1732985.13,464999,monthly
greenland,ice_sheet,2006-07,0.303605,0.131588,526.1434,1732985.13,464999,monthly
greenland,ice_sheet,2006-08,0.245398,0.124649,425.2706,1732985.13,464999,monthly
greenland,ice_sheet,2006-09,0.201926,0.119784,349.9345,1732985.13,464999,monthly
greenland,ice_sheet,2006-10,0.193955,0.116268,336.1206,1732985.13,464999,monthly
greenland,ice_sheet,2006-11,0.201754,0.113089,349.6363,1732985.13,464999,monthly
greenland,ice_sheet,2006-12,0.216803,0.108663,375.7171,1732985.13,464999,monthly
greenland,ice_sheet,2007-01,0.245707,0.108835,425.8058,1732985.13,464999,monthly
greenland,ice_sheet,2007-02,0.275700,0.108663,477.7843,1732985.13,464999,monthly
greenland,ice_sheet,2007-03,0.300493,0.109198,520.7492,1732985.13,464999,monthly
greenland,ice_sheet,2007-04,0.315647,0.110363,547.0119,1732985.13,464999,monthly
greenland,ice_sheet,2007-05,0.303540,0.108650,526.0299,1732985.13,464999,monthly
greenland,ice_sheet,2007-06,0.254185,0.113203,440.4993,1732985.13,464999,monthly
greenland,ice_sheet,2007-07,0.189694,0.118913,328.7362,1732985.13,464999,monthly
greenland,ice_sheet,2007-08,0.134644,0.122170,233.3368,1732985.13,464999,monthly
greenland,ice_sheet,2007-09,0.120565,0.121923,208.9378,1732985.13,464999,monthly
greenland,ice_sheet,2007-10,0.138338,0.118571,239.7378,1732985.13,464999,monthly
greenland,ice_sheet,2007-11,0.171365,0.116675,296.9723,1732985.13,464999,monthly
greenland,ice_sheet,2007-12,0.203421,0.117017,352.5249,1732985.13,464999,monthly
greenland,ice_sheet,2008-01,0.235691,0.116575,408.4488,1732985.13,464999,monthly
greenland,ice_sheet,2008-02,0.260503,0.115251,451.4479,1732985.13,464999,monthly
greenland,ice_sheet,2008-03,0.277928,0.112536,481.6443,1732985.13,464999,monthly
greenland,ice_sheet,2008-04,0.290056,0.111874,502.6635,1732985.13,464999,monthly
greenland,ice_sheet,2008-05,0.278045,0.112954,481.8473,1732985.13,464999,monthly
greenland,ice_sheet,2008-06,0.237059,0.113279,410.8205,1732985.13,464999,monthly
greenland,ice_sheet,2008-07,0.185468,0.111174,321.4133,1732985.13,464999,monthly
greenland,ice_sheet,2008-08,0.146188,0.105669,253.3424,1732985.13,464999,monthly
greenland,ice_sheet,2008-09,0.142205,0.100174,246.4393,1732985.13,464999,monthly
greenland,ice_sheet,2008-10,0.168411,0.093406,291.8537,1732985.13,464999,monthly
greenland,ice_sheet,2008-11,0.208452,0.088824,361.2446,1732985.13,464999,monthly
greenland,ice_sheet,2008-12,0.245158,0.085356,424.8550,1732985.13,464999,monthly
greenland,ice_sheet,2009-01,0.279485,0.087719,484.3425,1732985.13,464999,monthly
greenland,ice_sheet,2009-02,0.298952,0.089971,518.0802,1732985.13,464999,monthly
greenland,ice_sheet,2009-03,0.309460,0.090660,536.2894,1732985.13,464999,monthly
greenland,ice_sheet,2009-04,0.318828,0.092192,552.5237,1732985.13,464999,monthly
greenland,ice_sheet,2009-05,0.314552,0.091741,545.1140,1732985.13,464999,monthly
greenland,ice_sheet,2009-06,0.281924,0.096740,488.5701,1732985.13,464999,monthly
greenland,ice_sheet,2009-07,0.226906,0.101829,393.2243,1732985.13,464999,monthly
greenland,ice_sheet,2009-08,0.175358,0.101872,303.8927,1732985.13,464999,monthly
greenland,ice_sheet,2009-09,0.148915,0.098705,258.0683,1732985.13,464999,monthly
greenland,ice_sheet,2009-10,0.155537,0.094263,269.5442,1732985.13,464999,monthly
greenland,ice_sheet,2009-11,0.176632,0.091241,306.1008,1732985.13,464999,monthly
greenland,ice_sheet,2009-12,0.202648,0.089793,351.1865,1732985.13,464999,monthly
greenland,ice_sheet,2010-01,0.237474,0.093528,411.5390,1732985.13,464999,monthly
greenland,ice_sheet,2010-02,0.270326,0.098691,468.4717,1732985.13,464999,monthly
greenland,ice_sheet,2010-03,0.289019,0.101162,500.8658,1732985.13,464999,monthly
greenland,ice_sheet,2010-04,0.289653,0.102650,501.9635,1732985.13,464999,monthly
greenland,ice_sheet,2010-05,0.268658,0.101757,465.5806,1732985.13,464999,monthly
greenland,ice_sheet,2010-06,0.223951,0.098655,388.1042,1732985.13,464999,monthly
greenland,ice_sheet,2010-07,0.167098,0.094826,289.5790,1732985.13,464999,monthly
greenland,ice_sheet,2010-08,0.119155,0.087419,206.4936,1732985.13,464999,monthly
greenland,ice_sheet,2010-09,0.099233,0.082860,171.9693,1732985.13,464999,monthly
greenland,ice_sheet,2010-10,0.102341,0.078544,177.3551,1732985.13,464999,monthly
greenland,ice_sheet,2010-11,0.124556,0.075105,215.8529,1732985.13,464999,monthly
greenland,ice_sheet,2010-12,0.146009,0.074174,253.0315,1732985.13,464999,monthly
greenland,ice_sheet,2011-01,0.175295,0.072147,303.7843,1732985.13,464999,monthly
greenland,ice_sheet,2011-02,0.202217,0.075436,350.4387,1732985.13,464999,monthly
greenland,ice_sheet,2011-03,0.222117,0.074904,384.9247,1732985.13,464999,monthly
greenland,ice_sheet,2011-04,0.239284,0.075470,414.6759,1732985.13,464999,monthly
greenland,ice_sheet,2011-05,0.229711,0.075105,398.0862,1732985.13,464999,monthly
greenland,ice_sheet,2011-06,0.187160,0.074483,324.3455,1732985.13,464999,monthly
greenland,ice_sheet,2011-07,0.126288,0.071561,218.8559,1732985.13,464999,monthly
greenland,ice_sheet,2011-08,0.071551,0.064637,123.9964,1732985.13,464999,monthly
greenland,ice_sheet,2011-09,0.050532,0.056482,87.5704,1732985.13,464999,monthly
greenland,ice_sheet,2011-10,0.062233,0.050601,107.8484,1732985.13,464999,monthly
greenland,ice_sheet,2011-11,0.082002,0.048818,142.1083,1732985.13,464999,monthly
greenland,ice_sheet,2011-12,0.104082,0.046320,180.3730,1732985.13,464999,monthly
greenland,ice_sheet,2012-01,0.131924,0.045578,228.6220,1732985.13,464999,monthly
greenland,ice_sheet,2012-02,0.161696,0.044183,280.2171,1732985.13,464999,monthly
greenland,ice_sheet,2012-03,0.189778,0.045692,328.8820,1732985.13,464999,monthly
greenland,ice_sheet,2012-04,0.208476,0.049101,361.2855,1732985.13,464999,monthly
greenland,ice_sheet,2012-05,0.191377,0.052705,331.6540,1732985.13,464999,monthly
greenland,ice_sheet,2012-06,0.114690,0.050609,198.7557,1732985.13,464999,monthly
greenland,ice_sheet,2012-07,0.004321,0.041118,7.4876,1732985.13,464999,monthly
greenland,ice_sheet,2012-08,-0.098691,0.025272,-171.0301,1732985.13,464999,monthly
greenland,ice_sheet,2012-09,-0.149081,0.011585,-258.3554,1732985.13,464999,monthly
greenland,ice_sheet,2012-10,-0.139326,0.009739,-241.4502,1732985.13,464999,monthly
greenland,ice_sheet,2012-11,-0.106499,0.011763,-184.5606,1732985.13,464999,monthly
greenland,ice_sheet,2012-12,-0.071754,0.016708,-124.3492,1732985.13,464999,monthly
greenland,ice_sheet,2013-01,-0.038054,0.023113,-65.9477,1732985.13,464999,monthly
greenland,ice_sheet,2013-02,-0.008745,0.029954,-15.1541,1732985.13,464999,monthly
greenland,ice_sheet,2013-03,0.011241,0.034532,19.4810,1732985.13,464999,monthly
greenland,ice_sheet,2013-04,0.026324,0.035782,45.6194,1732985.13,464999,monthly
greenland,ice_sheet,2013-05,0.021366,0.034626,37.0261,1732985.13,464999,monthly
greenland,ice_sheet,2013-06,-0.006508,0.029622,-11.2790,1732985.13,464999,monthly
greenland,ice_sheet,2013-07,-0.050623,0.020853,-87.7292,1732985.13,464999,monthly
greenland,ice_sheet,2013-08,-0.084207,0.009385,-145.9299,1732985.13,464999,monthly
greenland,ice_sheet,2013-09,-0.087776,0.001574,-152.1150,1732985.13,464999,monthly
greenland,ice_sheet,2013-10,-0.066435,0.002581,-115.1309,1732985.13,464999,monthly
greenland,ice_sheet,2013-11,-0.037550,0.001745,-65.0732,1732985.13,464999,monthly
greenland,ice_sheet,2013-12,-0.014827,0.001394,-25.6957,1732985.13,464999,monthly
greenland,ice_sheet,2014-01,0.012209,0.001148,21.1585,1732985.13,464999,monthly
greenland,ice_sheet,2014-02,0.034213,0.004095,59.2905,1732985.13,464999,monthly
greenland,ice_sheet,2014-03,0.054717,0.006319,94.8239,1732985.13,464999,monthly
greenland,ice_sheet,2014-04,0.069825,0.009913,121.0062,1732985.13,464999,monthly
greenland,ice_sheet,2014-05,0.062867,0.011024,108.9473,1732985.13,464999,monthly
greenland,ice_sheet,2014-06,0.025654,0.010722,44.4578,1732985.13,464999,monthly
greenland,ice_sheet,2014-07,-0.029121,0.005721,-50.4658,1732985.13,464999,monthly
greenland,ice_sheet,2014-08,-0.072327,0.003411,-125.3423,1732985.13,464999,monthly
greenland,ice_sheet,2014-09,-0.079615,0.006636,-137.9723,1732985.13,464999,monthly
greenland,ice_sheet,2014-10,-0.061312,0.009167,-106.2528,1732985.13,464999,monthly
greenland,ice_sheet,2014-11,-0.024192,0.005736,-41.9244,1732985.13,464999,monthly
greenland,ice_sheet,2014-12,0.007785,0.004723,13.4913,1732985.13,464999,monthly
greenland,ice_sheet,2015-01,0.047557,0.001607,82.4162,1732985.13,464999,monthly
greenland,ice_sheet,2015-02,0.074435,0.000051,128.9955,1732985.13,464999,monthly
greenland,ice_sheet,2015-03,0.094836,0.000914,164.3488,1732985.13,464999,monthly
greenland,ice_sheet,2015-04,0.109618,0.001175,189.9657,1732985.13,464999,monthly
greenland,ice_sheet,2015-05,0.110320,0.006653,191.1835,1732985.13,464999,monthly
greenland,ice_sheet,2015-06,0.068040,0.018155,117.9131,1732985.13,464999,monthly
greenland,ice_sheet,2015-07,0.012747,0.028104,22.0908,1732985.13,464999,monthly
greenland,ice_sheet,2015-08,-0.040281,0.032544,-69.8057,1732985.13,464999,monthly
greenland,ice_sheet,2015-09,-0.048614,0.028036,-84.2475,1732985.13,464999,monthly
greenland,ice_sheet,2015-10,-0.024204,0.024581,-41.9453,1732985.13,464999,monthly
greenland,ice_sheet,2015-11,0.008784,0.024600,15.2231,1732985.13,464999,monthly
greenland,ice_sheet,2015-12,0.036305,0.026395,62.9164,1732985.13,464999,monthly
greenland,ice_sheet,2016-01,0.058242,0.028222,100.9330,1732985.13,464999,monthly
greenland,ice_sheet,2016-02,0.079944,0.028007,138.5410,1732985.13,464999,monthly
greenland,ice_sheet,2016-03,0.100639,0.030290,174.4060,1732985.13,464999,monthly
greenland,ice_sheet,2016-04,0.114799,0.032654,198.9448,1732985.13,464999,monthly
greenland,ice_sheet,2016-05,0.105564,0.033729,182.9407,1732985.13,464999,monthly
greenland,ice_sheet,2016-06,0.055600,0.026839,96.3544,1732985.13,464999,monthly
greenland,ice_sheet,2016-07,-0.011454,0.013817,-19.8490,1732985.13,464999,monthly
greenland,ice_sheet,2016-08,-0.073236,0.000780,-126.9170,1732985.13,464999,monthly
greenland,ice_sheet,2016-09,-0.089477,0.008925,-155.0616,1732985.13,464999,monthly
greenland,ice_sheet,2016-10,-0.060263,0.008685,-104.4348,1732985.13,464999,monthly
greenland,ice_sheet,2016-11,-0.016749,0.006958,-29.0255,1732985.13,464999,monthly
greenland,ice_sheet,2016-12,0.029320,0.001045,50.8104,1732985.13,464999,monthly
greenland,ice_sheet,2017-01,0.065307,0.002874,113.1752,1732985.13,464999,monthly
greenland,ice_sheet,2017-02,0.093952,0.006723,162.8171,1732985.13,464999,monthly
greenland,ice_sheet,2017-03,0.113758,0.008273,197.1404,1732985.13,464999,monthly
greenland,ice_sheet,2017-04,0.127788,0.012715,221.4547,1732985.13,464999,monthly
greenland,ice_sheet,2017-05,0.120028,0.015250,208.0068,1732985.13,464999,monthly
greenland,ice_sheet,2017-06,0.093549,0.017256,162.1196,1732985.13,464999,monthly
greenland,ice_sheet,2017-07,0.047387,0.012133,82.1213,1732985.13,464999,monthly
greenland,ice_sheet,2017-08,0.014836,0.003192,25.7099,1732985.13,464999,monthly
greenland,ice_sheet,2017-09,0.007653,0.004098,13.2628,1732985.13,464999,monthly
greenland,ice_sheet,2017-10,0.033012,0.003767,57.2090,1732985.13,464999,monthly
greenland,ice_sheet,2017-11,0.064455,0.001850,111.6998,1732985.13,464999,monthly
greenland,ice_sheet,2017-12,0.089771,0.007404,155.5716,1732985.13,464999,monthly
greenland,ice_sheet,2018-01,0.114609,0.009723,198.6163,1732985.13,464999,monthly
greenland,ice_sheet,2018-02,0.140628,0.012586,243.7064,1732985.13,464999,monthly
greenland,ice_sheet,2018-03,0.163944,0.013373,284.1122,1732985.13,464999,monthly
greenland,ice_sheet,2018-04,0.187262,0.015126,324.5214,1732985.13,464999,monthly
greenland,ice_sheet,2018-05,0.181720,0.010250,314.9179,1732985.13,464999,monthly
greenland,ice_sheet,2018-06,0.150817,0.000782,261.3629,1732985.13,464999,monthly
greenland,ice_sheet,2018-07,0.097798,0.007586,169.4833,1732985.13,464999,monthly
greenland,ice_sheet,2018-08,0.047573,0.014430,82.4437,1732985.13,464999,monthly
greenland,ice_sheet,2018-09,0.023448,0.015599,40.6347,1732985.13,464999,monthly
greenland,ice_sheet,2018-10,0.029339,0.014887,50.8449,1732985.13,464999,monthly
greenland,ice_sheet,2018-11,0.049305,0.013450,85.4454,1732985.13,464999,monthly
greenland,ice_sheet,2018-12,0.073973,0.010733,128.1935,1732985.13,464999,monthly
greenland,ice_sheet,2019-01,0.096905,0.006266,167.9356,1732985.13,464999,monthly
greenland,ice_sheet,2019-02,0.116024,0.003658,201.0684,1732985.13,464999,monthly
greenland,ice_sheet,2019-03,0.137546,0.000113,238.3647,1732985.13,464999,monthly
greenland,ice_sheet,2019-04,0.154179,0.008595,267.1905,1732985.13,464999,monthly
greenland,ice_sheet,2019-05,0.143951,0.021131,249.4657,1732985.13,464999,monthly
greenland,ice_sheet,2019-06,0.095442,0.036413,165.4001,1732985.13,464999,monthly
greenland,ice_sheet,2019-07,0.013822,0.044264,23.9536,1732985.13,464999,monthly
greenland,ice_sheet,2019-08,-0.057325,0.043875,-99.3441,1732985.13,464999,monthly
greenland,ice_sheet,2019-09,-0.090764,0.044447,-157.2934,1732985.13,464999,monthly
greenland,ice_sheet,2019-10,-0.083204,0.043325,-144.1912,1732985.13,464999,monthly
greenland,ice_sheet,2019-11,-0.057094,0.047880,-98.9435,1732985.13,464999,monthly
greenland,ice_sheet,2019-12,-0.034500,0.050757,-59.7880,1732985.13,464999,monthly
greenland,ice_sheet,2020-01,-0.011792,0.054413,-20.4348,1732985.13,464999,monthly
greenland,ice_sheet,2020-02,-0.000230,0.055297,-0.3991,1732985.13,464999,monthly
greenland,ice_sheet,2020-03,0.015920,0.054305,27.5896,1732985.13,464999,monthly
greenland,ice_sheet,2020-04,0.028680,0.056253,49.7026,1732985.13,464999,monthly
greenland,ice_sheet,2020-05,0.023654,0.049111,40.9913,1732985.13,464999,monthly
greenland,ice_sheet,2020-06,-0.012613,0.036254,-21.8579,1732985.13,464999,monthly
greenland,ice_sheet,2020-07,-0.063818,0.016483,-110.5961,1732985.13,464999,monthly
greenland,ice_sheet,2020-08,-0.106214,0.000244,-184.0670,1732985.13,464999,monthly
greenland,ice_sheet,2020-09,-0.114336,0.009421,-198.1428,1732985.13,464999,monthly
greenland,ice_sheet,2020-10,-0.093120,0.008360,-161.3754,1732985.13,464999,monthly
greenland,ice_sheet,2020-11,-0.063523,0.006377,-110.0836,1732985.13,464999,monthly
greenland,ice_sheet,2020-12,-0.033802,0.004394,-58.5779,1732985.13,464999,monthly
greenland,ice_sheet,2021-01,-0.008912,0.004532,-15.4452,1732985.13,464999,monthly
greenland,ice_sheet,2021-02,0.016086,0.005744,27.8774,1732985.13,464999,monthly
greenland,ice_sheet,2021-03,0.038823,0.004505,67.2789,1732985.13,464999,monthly
greenland,ice_sheet,2021-04,0.056348,0.001096,97.6498,1732985.13,464999,monthly
greenland,ice_sheet,2021-05,0.055295,0.004402,95.8252,1732985.13,464999,monthly
greenland,ice_sheet,2021-06,0.013232,0.001786,22.9301,1732985.13,464999,monthly
greenland,ice_sheet,2021-07,-0.061996,0.016233,-107.4378,1732985.13,464999,monthly
greenland,ice_sheet,2021-08,-0.137743,0.035583,-238.7073,1732985.13,464999,monthly
greenland,ice_sheet,2021-09,-0.187290,0.046667,-324.5706,1732985.13,464999,monthly
greenland,ice_sheet,2021-10,-0.190727,0.051718,-330.5269,1732985.13,464999,monthly
greenland,ice_sheet,2021-11,-0.164764,0.048435,-285.5335,1732985.13,464999,monthly
greenland,ice_sheet,2021-12,-0.134466,0.046591,-233.0272,1732985.13,464999,monthly
greenland,ice_sheet,2022-01,-0.100037,0.043198,-173.3621,1732985.13,464999,monthly
greenland,ice_sheet,2022-02,-0.068576,0.039055,-118.8414,1732985.13,464999,monthly
greenland,ice_sheet,2022-03,-0.044250,0.038690,-76.6854,1732985.13,464999,monthly
greenland,ice_sheet,2022-04,-0.027299,0.039174,-47.3084,1732985.13,464999,monthly
greenland,ice_sheet,2022-05,-0.026570,0.041935,-46.0460,1732985.13,464999,monthly
greenland,ice_sheet,2022-06,-0.064079,0.051313,-111.0482,1732985.13,464999,monthly
greenland,ice_sheet,2022-07,-0.120112,0.064194,-208.1531,1732985.13,464999,monthly
greenland,ice_sheet,2022-08,-0.170778,0.073064,-295.9549,1732985.13,464999,monthly
greenland,ice_sheet,2022-09,-0.189274,0.078695,-328.0089,1732985.13,464999,monthly
greenland,ice_sheet,2022-10,-0.163542,0.075709,-283.4151,1732985.13,464999,monthly
greenland,ice_sheet,2022-11,-0.124438,0.068628,-215.6489,1732985.13,464999,monthly
greenland,ice_sheet,2022-12,-0.095173,0.064337,-164.9332,1732985.13,464999,monthly
greenland,ice_sheet,2023-01,-0.069066,0.060429,-119.6904,1732985.13,464999,monthly
greenland,ice_sheet,2023-02,-0.050088,0.055674,-86.8012,1732985.13,464999,monthly
greenland,ice_sheet,2023-03,-0.032957,0.053866,-57.1134,1732985.13,464999,monthly
greenland,ice_sheet,2023-04,-0.017979,0.052468,-31.1581,1732985.13,464999,monthly
greenland,ice_sheet,2023-05,-0.018766,0.053120,-32.5212,1732985.13,464999,monthly
greenland,ice_sheet,2023-06,-0.072833,0.062651,-126.2177,1732985.13,464999,monthly
greenland,ice_sheet,2023-07,-0.152479,0.078083,-264.2441,1732985.13,464999,monthly
greenland,ice_sheet,2023-08,-0.236180,0.089645,-409.2957,1732985.13,464999,monthly
greenland,ice_sheet,2023-09,-0.281387,0.103822,-487.6399,1732985.13,464999,monthly
greenland,ice_sheet,2023-10,-0.266441,0.098912,-461.7380,1732985.13,464999,monthly
greenland,ice_sheet,2023-11,-0.237179,0.093475,-411.0270,1732985.13,464999,monthly
greenland,ice_sheet,2023-12,-0.211243,0.094303,-366.0814,1732985.13,464999,monthly
greenland,peripheral_glaciers,1992-01,0.192727,0.164293,17.2253,89376.73,23827,monthly
greenland,peripheral_glaciers,1992-02,0.250263,0.166326,22.3677,89376.73,23827,monthly
greenland,peripheral_glaciers,1992-03,0.316673,0.169013,28.3032,89376.73,23827,monthly
greenland,peripheral_glaciers,1992-04,0.372564,0.174084,33.2986,89376.73,23827,monthly
greenland,peripheral_glaciers,1992-05,0.368684,0.171773,32.9518,89376.73,23827,monthly
greenland,peripheral_glaciers,1992-06,0.283777,0.183847,25.3631,89376.73,23827,monthly
greenland,peripheral_glaciers,1992-07,0.158403,0.191509,14.1575,89376.73,23827,monthly
greenland,peripheral_glaciers,1992-08,0.040964,0.195957,3.6612,89376.73,23827,monthly
greenland,peripheral_glaciers,1992-09,-0.005389,0.193418,-0.4816,89376.73,23827,monthly
greenland,peripheral_glaciers,1992-10,0.015869,0.179561,1.4183,89376.73,23827,monthly
greenland,peripheral_glaciers,1992-11,0.070306,0.174172,6.2838,89376.73,23827,monthly
greenland,peripheral_glaciers,1992-12,0.131648,0.172185,11.7663,89376.73,23827,monthly
greenland,peripheral_glaciers,1993-01,0.204476,0.170599,18.2754,89376.73,23827,monthly
greenland,peripheral_glaciers,1993-02,0.274428,0.170712,24.5275,89376.73,23827,monthly
greenland,peripheral_glaciers,1993-03,0.336798,0.171145,30.1019,89376.73,23827,monthly
greenland,peripheral_glaciers,1993-04,0.397062,0.189444,35.4881,89376.73,23827,monthly
greenland,peripheral_glaciers,1993-05,0.389120,0.221936,34.7783,89376.73,23827,monthly
greenland,peripheral_glaciers,1993-06,0.276351,0.239908,24.6994,89376.73,23827,monthly
greenland,peripheral_glaciers,1993-07,0.126034,0.237815,11.2645,89376.73,23827,monthly
greenland,peripheral_glaciers,1993-08,-0.017407,0.207589,-1.5557,89376.73,23827,monthly
greenland,peripheral_glaciers,1993-09,-0.067552,0.178917,-6.0376,89376.73,23827,monthly
greenland,peripheral_glaciers,1993-10,-0.032601,0.166433,-2.9138,89376.73,23827,monthly
greenland,peripheral_glaciers,1993-11,0.038398,0.167918,3.4319,89376.73,23827,monthly
greenland,peripheral_glaciers,1993-12,0.117046,0.171215,10.4612,89376.73,23827,monthly
greenland,peripheral_glaciers,1994-01,0.202696,0.177118,18.1163,89376.73,23827,monthly
greenland,peripheral_glaciers,1994-02,0.271398,0.180057,24.2567,89376.73,23827,monthly
greenland,peripheral_glaciers,1994-03,0.334909,0.184368,29.9330,89376.73,23827,monthly
greenland,peripheral_glaciers,1994-04,0.379437,0.198416,33.9129,89376.73,23827,monthly
greenland,peripheral_glaciers,1994-05,0.368146,0.213282,32.9037,89376.73,23827,monthly
greenland,peripheral_glaciers,1994-06,0.270834,0.232981,24.2062,89376.73,23827,monthly
greenland,peripheral_glaciers,1994-07,0.138890,0.234861,12.4136,89376.73,23827,monthly
greenland,peripheral_glaciers,1994-08,0.016773,0.224591,1.4991,89376.73,23827,monthly
greenland,peripheral_glaciers,1994-09,-0.034064,0.209119,-3.0445,89376.73,23827,monthly
greenland,peripheral_glaciers,1994-10,-0.026357,0.195481,-2.3557,89376.73,23827,monthly
greenland,peripheral_glaciers,1994-11,0.012448,0.190366,1.1125,89376.73,23827,monthly
greenland,peripheral_glaciers,1994-12,0.059013,0.188122,5.2744,89376.73,23827,monthly
greenland,peripheral_glaciers,1995-01,0.106748,0.186861,9.5408,89376.73,23827,monthly
greenland,peripheral_glaciers,1995-02,0.151526,0.185626,13.5429,89376.73,23827,monthly
greenland,peripheral_glaciers,1995-03,0.188863,0.186659,16.8800,89376.73,23827,monthly
greenland,peripheral_glaciers,1995-04,0.215051,0.198546,19.2206,89376.73,23827,monthly
greenland,peripheral_glaciers,1995-05,0.185542,0.209621,16.5831,89376.73,23827,monthly
greenland,peripheral_glaciers,1995-06,0.096016,0.209244,8.5816,89376.73,23827,monthly
greenland,peripheral_glaciers,1995-07,-0.010197,0.196212,-0.9113,89376.73,23827,monthly
greenland,peripheral_glaciers,1995-08,-0.093070,0.166717,-8.3183,89376.73,23827,monthly
greenland,peripheral_glaciers,1995-09,-0.105379,0.150280,-9.4184,89376.73,23827,monthly
greenland,peripheral_glaciers,1995-10,-0.077109,0.141417,-6.8917,89376.73,23827,monthly
greenland,peripheral_glaciers,1995-11,-0.016419,0.140352,-1.4675,89376.73,23827,monthly
greenland,peripheral_glaciers,1995-12,0.049723,0.140705,4.4441,89376.73,23827,monthly
greenland,peripheral_glaciers,1996-01,0.137956,0.143712,12.3300,89376.73,23827,monthly
greenland,peripheral_glaciers,1996-02,0.233063,0.152033,20.8304,89376.73,23827,monthly
greenland,peripheral_glaciers,1996-03,0.316384,0.164655,28.2773,89376.73,23827,monthly
greenland,peripheral_glaciers,1996-04,0.368323,0.186820,32.9195,89376.73,23827,monthly
greenland,peripheral_glaciers,1996-05,0.356661,0.213632,31.8772,89376.73,23827,monthly
greenland,peripheral_glaciers,1996-06,0.246330,0.227077,22.0162,89376.73,23827,monthly
greenland,peripheral_glaciers,1996-07,0.110406,0.221867,9.8677,89376.73,23827,monthly
greenland,peripheral_glaciers,1996-08,-0.010582,0.201316,-0.9458,89376.73,23827,monthly
greenland,peripheral_glaciers,1996-09,-0.045278,0.176461,-4.0468,89376.73,23827,monthly
greenland,peripheral_glaciers,1996-10,-0.014586,0.167279,-1.3036,89376.73,23827,monthly
greenland,peripheral_glaciers,1996-11,0.043393,0.166452,3.8783,89376.73,23827,monthly
greenland,peripheral_glaciers,1996-12,0.106392,0.167946,9.5090,89376.73,23827,monthly
greenland,peripheral_glaciers,1997-01,0.179972,0.168392,16.0853,89376.73,23827,monthly
greenland,peripheral_glaciers,1997-02,0.252408,0.170046,22.5594,89376.73,23827,monthly
greenland,peripheral_glaciers,1997-03,0.312997,0.174859,27.9747,89376.73,23827,monthly
greenland,peripheral_glaciers,1997-04,0.356068,0.189784,31.8242,89376.73,23827,monthly
greenland,peripheral_glaciers,1997-05,0.325737,0.210349,29.1133,89376.73,23827,monthly
greenland,peripheral_glaciers,1997-06,0.208550,0.215707,18.6395,89376.73,23827,monthly
greenland,peripheral_glaciers,1997-07,0.069242,0.209486,6.1887,89376.73,23827,monthly
greenland,peripheral_glaciers,1997-08,-0.043837,0.184022,-3.9180,89376.73,23827,monthly
greenland,peripheral_glaciers,1997-09,-0.058705,0.165511,-5.2469,89376.73,23827,monthly
greenland,peripheral_glaciers,1997-10,-0.024115,0.156502,-2.1553,89376.73,23827,monthly
greenland,peripheral_glaciers,1997-11,0.031858,0.150785,2.8474,89376.73,23827,monthly
greenland,peripheral_glaciers,1997-12,0.091441,0.151123,8.1727,89376.73,23827,monthly
greenland,peripheral_glaciers,1998-01,0.160348,0.151893,14.3314,89376.73,23827,monthly
greenland,peripheral_glaciers,1998-02,0.232584,0.154284,20.7876,89376.73,23827,monthly
greenland,peripheral_glaciers,1998-03,0.291495,0.159789,26.0529,89376.73,23827,monthly
greenland,peripheral_glaciers,1998-04,0.336114,0.174081,30.0408,89376.73,23827,monthly
greenland,peripheral_glaciers,1998-05,0.298466,0.191862,26.6759,89376.73,23827,monthly
greenland,peripheral_glaciers,1998-06,0.173664,0.196067,15.5215,89376.73,23827,monthly
greenland,peripheral_glaciers,1998-07,0.025571,0.186002,2.2855,89376.73,23827,monthly
greenland,peripheral_glaciers,1998-08,-0.096110,0.161703,-8.5900,89376.73,23827,monthly
greenland,peripheral_glaciers,1998-09,-0.129305,0.142213,-11.5569,89376.73,23827,monthly
greenland,peripheral_glaciers,1998-10,-0.103278,0.133536,-9.2306,89376.73,23827,monthly
greenland,peripheral_glaciers,1998-11,-0.049512,0.132565,-4.4253,89376.73,23827,monthly
greenland,peripheral_glaciers,1998-12,0.017902,0.131402,1.6000,89376.73,23827,monthly
greenland,peripheral_glaciers,1999-01,0.097768,0.134361,8.7381,89376.73,23827,monthly
greenland,peripheral_glaciers,1999-02,0.171406,0.138622,15.3197,89376.73,23827,monthly
greenland,peripheral_glaciers,1999-03,0.227615,0.144866,20.3434,89376.73,23827,monthly
greenland,peripheral_glaciers,1999-04,0.261493,0.148096,23.3714,89376.73,23827,monthly
greenland,peripheral_glaciers,1999-05,0.236989,0.146517,21.1813,89376.73,23827,monthly
greenland,peripheral_glaciers,1999-06,0.140394,0.150264,12.5479,89376.73,23827,monthly
greenland,peripheral_glaciers,1999-07,0.022187,0.142993,1.9830,89376.73,23827,monthly
greenland,peripheral_glaciers,1999-08,-0.071081,0.140907,-6.3530,89376.73,23827,monthly
greenland,peripheral_glaciers,1999-09,-0.096649,0.126518,-8.6382,89376.73,23827,monthly
greenland,peripheral_glaciers,1999-10,-0.057019,0.118547,-5.0962,89376.73,23827,monthly
greenland,peripheral_glaciers,1999-11,0.000274,0.120150,0.0245,89376.73,23827,monthly
greenland,peripheral_glaciers,1999-12,0.068595,0.119563,6.1308,89376.73,23827,monthly
greenland,peripheral_glaciers,2000-01,0.138676,0.122681,12.3944,89376.73,23827,monthly
greenland,peripheral_glaciers,2000-02,0.205960,0.122587,18.4080,89376.73,23827,monthly
greenland,peripheral_glaciers,2000-03,0.262292,0.130328,23.4428,89376.73,23827,monthly
greenland,peripheral_glaciers,2000-04,0.298920,0.134535,26.7165,89376.73,23827,monthly
greenland,peripheral_glaciers,2000-05,0.277938,0.156706,24.8412,89376.73,23827,monthly
greenland,peripheral_glaciers,2000-06,0.171330,0.169534,15.3129,89376.73,23827,monthly
greenland,peripheral_glaciers,2000-07,0.041586,0.174020,3.7168,89376.73,23827,monthly
greenland,peripheral_glaciers,2000-08,-0.073536,0.163492,-6.5724,89376.73,23827,monthly
greenland,peripheral_glaciers,2000-09,-0.101385,0.141058,-9.0615,89376.73,23827,monthly
greenland,peripheral_glaciers,2000-10,-0.073655,0.131146,-6.5830,89376.73,23827,monthly
greenland,peripheral_glaciers,2000-11,-0.026748,0.128934,-2.3906,89376.73,23827,monthly
greenland,peripheral_glaciers,2000-12,0.024165,0.124815,2.1598,89376.73,23827,monthly
greenland,peripheral_glaciers,2001-01,0.083315,0.122538,7.4464,89376.73,23827,monthly
greenland,peripheral_glaciers,2001-02,0.137368,0.120416,12.2775,89376.73,23827,monthly
greenland,peripheral_glaciers,2001-03,0.182070,0.122301,16.2728,89376.73,23827,monthly
greenland,peripheral_glaciers,2001-04,0.207948,0.131687,18.5857,89376.73,23827,monthly
greenland,peripheral_glaciers,2001-05,0.186351,0.152106,16.6555,89376.73,23827,monthly
greenland,peripheral_glaciers,2001-06,0.097194,0.164561,8.6869,89376.73,23827,monthly
greenland,peripheral_glaciers,2001-07,-0.010023,0.167164,-0.8958,89376.73,23827,monthly
greenland,peripheral_glaciers,2001-08,-0.110886,0.153444,-9.9106,89376.73,23827,monthly
greenland,peripheral_glaciers,2001-09,-0.136084,0.130556,-12.1628,89376.73,23827,monthly
greenland,peripheral_glaciers,2001-10,-0.105390,0.117903,-9.4194,89376.73,23827,monthly
greenland,peripheral_glaciers,2001-11,-0.036173,0.114885,-3.2330,89376.73,23827,monthly
greenland,peripheral_glaciers,2001-12,0.044788,0.116386,4.0030,89376.73,23827,monthly
greenland,peripheral_glaciers,2002-01,0.125552,0.118263,11.2214,89376.73,23827,monthly
greenland,peripheral_glaciers,2002-02,0.185433,0.120942,16.5734,89376.73,23827,monthly
greenland,peripheral_glaciers,2002-03,0.231833,0.124040,20.7205,89376.73,23827,monthly
greenland,peripheral_glaciers,2002-04,0.256717,0.133509,22.9446,89376.73,23827,monthly
greenland,peripheral_glaciers,2002-05,0.200036,0.141862,17.8786,89376.73,23827,monthly
greenland,peripheral_glaciers,2002-06,0.079716,0.146071,7.1248,89376.73,23827,monthly
greenland,peripheral_glaciers,2002-07,-0.056047,0.138402,-5.0093,89376.73,23827,monthly
greenland,peripheral_glaciers,2002-08,-0.153471,0.122349,-13.7167,89376.73,23827,monthly
greenland,peripheral_glaciers,2002-09,-0.172863,0.101915,-15.4499,89376.73,23827,monthly
greenland,peripheral_glaciers,2002-10,-0.153680,0.088478,-13.7354,89376.73,23827,monthly
greenland,peripheral_glaciers,2002-11,-0.105544,0.076719,-9.4332,89376.73,23827,monthly
greenland,peripheral_glaciers,2002-12,-0.044240,0.074749,-3.9541,89376.73,23827,monthly
greenland,peripheral_glaciers,2003-01,0.030872,0.074528,2.7592,89376.73,23827,monthly
greenland,peripheral_glaciers,2003-02,0.105398,0.079001,9.4201,89376.73,23827,monthly
greenland,peripheral_glaciers,2003-03,0.166261,0.083425,14.8598,89376.73,23827,monthly
greenland,peripheral_glaciers,2003-04,0.216467,0.099746,19.3471,89376.73,23827,monthly
greenland,peripheral_glaciers,2003-05,0.199946,0.131514,17.8705,89376.73,23827,monthly
greenland,peripheral_glaciers,2003-06,0.107913,0.158083,9.6449,89376.73,23827,monthly
greenland,peripheral_glaciers,2003-07,-0.007575,0.170881,-0.6770,89376.73,23827,monthly
greenland,peripheral_glaciers,2003-08,-0.110275,0.157855,-9.8561,89376.73,23827,monthly
greenland,peripheral_glaciers,2003-09,-0.134543,0.138385,-12.0251,89376.73,23827,monthly
greenland,peripheral_glaciers,2003-10,-0.115432,0.124000,-10.3169,89376.73,23827,monthly
greenland,peripheral_glaciers,2003-11,-0.065802,0.119609,-5.8812,89376.73,23827,monthly
greenland,peripheral_glaciers,2003-12,-0.013617,0.119720,-1.2171,89376.73,23827,monthly
greenland,peripheral_glaciers,2004-01,0.044401,0.119976,3.9684,89376.73,23827,monthly
greenland,peripheral_glaciers,2004-02,0.104995,0.119098,9.3841,89376.73,23827,monthly
greenland,peripheral_glaciers,2004-03,0.159928,0.118145,14.2938,89376.73,23827,monthly
greenland,peripheral_glaciers,2004-04,0.196761,0.119484,17.5859,89376.73,23827,monthly
greenland,peripheral_glaciers,2004-05,0.170038,0.134575,15.1974,89376.73,23827,monthly
greenland,peripheral_glaciers,2004-06,0.067742,0.142256,6.0546,89376.73,23827,monthly
greenland,peripheral_glaciers,2004-07,-0.047614,0.145862,-4.2556,89376.73,23827,monthly
greenland,peripheral_glaciers,2004-08,-0.143254,0.124217,-12.8036,89376.73,23827,monthly
greenland,peripheral_glaciers,2004-09,-0.165996,0.100036,-14.8362,89376.73,23827,monthly
greenland,peripheral_glaciers,2004-10,-0.140297,0.088072,-12.5393,89376.73,23827,monthly
greenland,peripheral_glaciers,2004-11,-0.093840,0.085529,-8.3872,89376.73,23827,monthly
greenland,peripheral_glaciers,2004-12,-0.036319,0.084341,-3.2460,89376.73,23827,monthly
greenland,peripheral_glaciers,2005-01,0.036100,0.083490,3.2265,89376.73,23827,monthly
greenland,peripheral_glaciers,2005-02,0.106065,0.085252,9.4797,89376.73,23827,monthly
greenland,peripheral_glaciers,2005-03,0.161781,0.088241,14.4595,89376.73,23827,monthly
greenland,peripheral_glaciers,2005-04,0.192439,0.100556,17.1996,89376.73,23827,monthly
greenland,peripheral_glaciers,2005-05,0.152858,0.119667,13.6620,89376.73,23827,monthly
greenland,peripheral_glaciers,2005-06,0.044379,0.123049,3.9665,89376.73,23827,monthly
greenland,peripheral_glaciers,2005-07,-0.078432,0.119607,-7.0100,89376.73,23827,monthly
greenland,peripheral_glaciers,2005-08,-0.173966,0.101818,-15.5485,89376.73,23827,monthly
greenland,peripheral_glaciers,2005-09,-0.186082,0.089482,-16.6314,89376.73,23827,monthly
greenland,peripheral_glaciers,2005-10,-0.153138,0.084628,-13.6870,89376.73,23827,monthly
greenland,peripheral_glaciers,2005-11,-0.093306,0.080599,-8.3394,89376.73,23827,monthly
greenland,peripheral_glaciers,2005-12,-0.012978,0.078943,-1.1599,89376.73,23827,monthly
greenland,peripheral_glaciers,2006-01,0.077285,0.081791,6.9075,89376.73,23827,monthly
greenland,peripheral_glaciers,2006-02,0.157171,0.085781,14.0474,89376.73,23827,monthly
greenland,peripheral_glaciers,2006-03,0.212638,0.089411,19.0049,89376.73,23827,monthly
greenland,peripheral_glaciers,2006-04,0.242126,0.093800,21.6405,89376.73,23827,monthly
greenland,peripheral_glaciers,2006-05,0.225046,0.104131,20.1139,89376.73,23827,monthly
greenland,peripheral_glaciers,2006-06,0.130899,0.112810,11.6993,89376.73,23827,monthly
greenland,peripheral_glaciers,2006-07,-0.002190,0.114359,-0.1958,89376.73,23827,monthly
greenland,peripheral_glaciers,2006-08,-0.120354,0.103596,-10.7568,89376.73,23827,monthly
greenland,peripheral_glaciers,2006-09,-0.171124,0.088016,-15.2945,89376.73,23827,monthly
greenland,peripheral_glaciers,2006-10,-0.151457,0.075872,-13.5368,89376.73,23827,monthly
greenland,peripheral_glaciers,2006-11,-0.104838,0.069528,-9.3700,89376.73,23827,monthly
greenland,peripheral_glaciers,2006-12,-0.049490,0.062608,-4.4232,89376.73,23827,monthly
greenland,peripheral_glaciers,2007-01,0.023339,0.060055,2.0860,89376.73,23827,monthly
greenland,peripheral_glaciers,2007-02,0.094380,0.060047,8.4354,89376.73,23827,monthly
greenland,peripheral_glaciers,2007-03,0.155240,0.065003,13.8749,89376.73,23827,monthly
greenland,peripheral_glaciers,2007-04,0.199791,0.076949,17.8566,89376.73,23827,monthly
greenland,peripheral_glaciers,2007-05,0.172426,0.096897,15.4109,89376.73,23827,monthly
greenland,peripheral_glaciers,2007-06,0.066015,0.110244,5.9002,89376.73,23827,monthly
greenland,peripheral_glaciers,2007-07,-0.061097,0.111306,-5.4607,89376.73,23827,monthly
greenland,peripheral_glaciers,2007-08,-0.166874,0.092547,-14.9146,89376.73,23827,monthly
greenland,peripheral_glaciers,2007-09,-0.180884,0.072530,-16.1668,89376.73,23827,monthly
greenland,peripheral_glaciers,2007-10,-0.138935,0.062156,-12.4176,89376.73,23827,monthly
greenland,peripheral_glaciers,2007-11,-0.068047,0.060425,-6.0818,89376.73,23827,monthly
greenland,peripheral_glaciers,2007-12,0.012210,0.062402,1.0913,89376.73,23827,monthly
greenland,peripheral_glaciers,2008-01,0.100556,0.062091,8.9874,89376.73,23827,monthly
greenland,peripheral_glaciers,2008-02,0.184507,0.063325,16.4906,89376.73,23827,monthly
greenland,peripheral_glaciers,2008-03,0.243862,0.066084,21.7956,89376.73,23827,monthly
greenland,peripheral_glaciers,2008-04,0.276766,0.079503,24.7364,89376.73,23827,monthly
greenland,peripheral_glaciers,2008-05,0.213509,0.099895,19.0827,89376.73,23827,monthly
greenland,peripheral_glaciers,2008-06,0.074639,0.109090,6.6710,89376.73,23827,monthly
greenland,peripheral_glaciers,2008-07,-0.072496,0.103662,-6.4795,89376.73,23827,monthly
greenland,peripheral_glaciers,2008-08,-0.185968,0.075919,-16.6212,89376.73,23827,monthly
greenland,peripheral_glaciers,2008-09,-0.194627,0.050098,-17.3951,89376.73,23827,monthly
greenland,peripheral_glaciers,2008-10,-0.154145,0.034548,-13.7769,89376.73,23827,monthly
greenland,peripheral_glaciers,2008-11,-0.082966,0.027294,-7.4152,89376.73,23827,monthly
greenland,peripheral_glaciers,2008-12,-0.010267,0.025148,-0.9176,89376.73,23827,monthly
greenland,peripheral_glaciers,2009-01,0.066274,0.023996,5.9234,89376.73,23827,monthly
greenland,peripheral_glaciers,2009-02,0.129286,0.024911,11.5551,89376.73,23827,monthly
greenland,peripheral_glaciers,2009-03,0.171846,0.023803,15.3590,89376.73,23827,monthly
greenland,peripheral_glaciers,2009-04,0.197046,0.023930,17.6113,89376.73,23827,monthly
greenland,peripheral_glaciers,2009-05,0.173331,0.031719,15.4918,89376.73,23827,monthly
greenland,peripheral_glaciers,2009-06,0.075293,0.052595,6.7294,89376.73,23827,monthly
greenland,peripheral_glaciers,2009-07,-0.049959,0.071797,-4.4652,89376.73,23827,monthly
greenland,peripheral_glaciers,2009-08,-0.158344,0.075574,-14.1522,89376.73,23827,monthly
greenland,peripheral_glaciers,2009-09,-0.186546,0.067081,-16.6729,89376.73,23827,monthly
greenland,peripheral_glaciers,2009-10,-0.151217,0.058932,-13.5153,89376.73,23827,monthly
greenland,peripheral_glaciers,2009-11,-0.095818,0.053810,-8.5639,89376.73,23827,monthly
greenland,peripheral_glaciers,2009-12,-0.041267,0.049101,-3.6883,89376.73,23827,monthly
greenland,peripheral_glaciers,2010-01,0.012985,0.043364,1.1605,89376.73,23827,monthly
greenland,peripheral_glaciers,2010-02,0.064763,0.040986,5.7883,89376.73,23827,monthly
greenland,peripheral_glaciers,2010-03,0.107341,0.040633,9.5938,89376.73,23827,monthly
greenland,peripheral_glaciers,2010-04,0.123254,0.046429,11.0160,89376.73,23827,monthly
greenland,peripheral_glaciers,2010-05,0.083649,0.059373,7.4763,89376.73,23827,monthly
greenland,peripheral_glaciers,2010-06,-0.018510,0.068536,-1.6544,89376.73,23827,monthly
greenland,peripheral_glaciers,2010-07,-0.129416,0.073253,-11.5668,89376.73,23827,monthly
greenland,peripheral_glaciers,2010-08,-0.216521,0.060051,-19.3520,89376.73,23827,monthly
greenland,peripheral_glaciers,2010-09,-0.233003,0.044975,-20.8251,89376.73,23827,monthly
greenland,peripheral_glaciers,2010-10,-0.216752,0.030559,-19.3725,89376.73,23827,monthly
greenland,peripheral_glaciers,2010-11,-0.184574,0.019161,-16.4966,89376.73,23827,monthly
greenland,peripheral_glaciers,2010-12,-0.142779,0.016507,-12.7611,89376.73,23827,monthly
greenland,peripheral_glaciers,2011-01,-0.082615,0.009604,-7.3839,89376.73,23827,monthly
greenland,peripheral_glaciers,2011-02,-0.010960,0.008267,-0.9796,89376.73,23827,monthly
greenland,peripheral_glaciers,2011-03,0.055207,0.005565,4.9343,89376.73,23827,monthly
greenland,peripheral_glaciers,2011-04,0.113410,0.006145,10.1362,89376.73,23827,monthly
greenland,peripheral_glaciers,2011-05,0.100584,0.020866,8.9899,89376.73,23827,monthly
greenland,peripheral_glaciers,2011-06,0.004105,0.036125,0.3669,89376.73,23827,monthly
greenland,peripheral_glaciers,2011-07,-0.116469,0.046416,-10.4096,89376.73,23827,monthly
greenland,peripheral_glaciers,2011-08,-0.226663,0.047448,-20.2584,89376.73,23827,monthly
greenland,peripheral_glaciers,2011-09,-0.242083,0.036785,-21.6366,89376.73,23827,monthly
greenland,peripheral_glaciers,2011-10,-0.207510,0.028136,-18.5465,89376.73,23827,monthly
greenland,peripheral_glaciers,2011-11,-0.152965,0.019879,-13.6715,89376.73,23827,monthly
greenland,peripheral_glaciers,2011-12,-0.080947,0.015097,-7.2348,89376.73,23827,monthly
greenland,peripheral_glaciers,2012-01,-0.003292,0.011860,-0.2943,89376.73,23827,monthly
greenland,peripheral_glaciers,2012-02,0.079843,0.011575,7.1361,89376.73,23827,monthly
greenland,peripheral_glaciers,2012-03,0.138886,0.015717,12.4132,89376.73,23827,monthly
greenland,peripheral_glaciers,2012-04,0.170758,0.028420,15.2618,89376.73,23827,monthly
greenland,peripheral_glaciers,2012-05,0.109874,0.044602,9.8202,89376.73,23827,monthly
greenland,peripheral_glaciers,2012-06,-0.012237,0.059985,-1.0937,89376.73,23827,monthly
greenland,peripheral_glaciers,2012-07,-0.145168,0.065405,-12.9746,89376.73,23827,monthly
greenland,peripheral_glaciers,2012-08,-0.240200,0.051495,-21.4683,89376.73,23827,monthly
greenland,peripheral_glaciers,2012-09,-0.248168,0.037221,-22.1804,89376.73,23827,monthly
greenland,peripheral_glaciers,2012-10,-0.218055,0.029169,-19.4891,89376.73,23827,monthly
greenland,peripheral_glaciers,2012-11,-0.166247,0.027924,-14.8586,89376.73,23827,monthly
greenland,peripheral_glaciers,2012-12,-0.104643,0.028747,-9.3527,89376.73,23827,monthly
greenland,peripheral_glaciers,2013-01,-0.033853,0.030962,-3.0257,89376.73,23827,monthly
greenland,peripheral_glaciers,2013-02,0.028729,0.035364,2.5677,89376.73,23827,monthly
greenland,peripheral_glaciers,2013-03,0.076436,0.042028,6.8316,89376.73,23827,monthly
greenland,peripheral_glaciers,2013-04,0.108493,0.046259,9.6967,89376.73,23827,monthly
greenland,peripheral_glaciers,2013-05,0.082131,0.052151,7.3406,89376.73,23827,monthly
greenland,peripheral_glaciers,2013-06,-0.004714,0.054580,-0.4213,89376.73,23827,monthly
greenland,peripheral_glaciers,2013-07,-0.111136,0.050396,-9.9329,89376.73,23827,monthly
greenland,peripheral_glaciers,2013-08,-0.197187,0.032488,-17.6240,89376.73,23827,monthly
greenland,peripheral_glaciers,2013-09,-0.204869,0.018366,-18.3105,89376.73,23827,monthly
greenland,peripheral_glaciers,2013-10,-0.169744,0.003615,-15.1712,89376.73,23827,monthly
greenland,peripheral_glaciers,2013-11,-0.108422,0.001037,-9.6904,89376.73,23827,monthly
greenland,peripheral_glaciers,2013-12,-0.042679,0.000443,-3.8145,89376.73,23827,monthly
greenland,peripheral_glaciers,2014-01,0.035142,0.000364,3.1409,89376.73,23827,monthly
greenland,peripheral_glaciers,2014-02,0.110278,0.002903,9.8562,89376.73,23827,monthly
greenland,peripheral_glaciers,2014-03,0.168086,0.006271,15.0230,89376.73,23827,monthly
greenland,peripheral_glaciers,2014-04,0.208542,0.017336,18.6388,89376.73,23827,monthly
greenland,peripheral_glaciers,2014-05,0.179337,0.037107,16.0286,89376.73,23827,monthly
greenland,peripheral_glaciers,2014-06,0.059374,0.051243,5.3066,89376.73,23827,monthly
greenland,peripheral_glaciers,2014-07,-0.080857,0.057826,-7.2267,89376.73,23827,monthly
greenland,peripheral_glaciers,2014-08,-0.202781,0.043405,-18.1239,89376.73,23827,monthly
greenland,peripheral_glaciers,2014-09,-0.216889,0.029954,-19.3849,89376.73,23827,monthly
greenland,peripheral_glaciers,2014-10,-0.178039,0.012783,-15.9125,89376.73,23827,monthly
greenland,peripheral_glaciers,2014-11,-0.101255,0.005056,-9.0498,89376.73,23827,monthly
greenland,peripheral_glaciers,2014-12,-0.014185,0.002707,-1.2678,89376.73,23827,monthly
greenland,peripheral_glaciers,2015-01,0.082264,0.004349,7.3525,89376.73,23827,monthly
greenland,peripheral_glaciers,2015-02,0.169226,0.012601,15.1249,89376.73,23827,monthly
greenland,peripheral_glaciers,2015-03,0.235620,0.019339,21.0589,89376.73,23827,monthly
greenland,peripheral_glaciers,2015-04,0.283223,0.027470,25.3135,89376.73,23827,monthly
greenland,peripheral_glaciers,2015-05,0.268929,0.048465,24.0360,89376.73,23827,monthly
greenland,peripheral_glaciers,2015-06,0.143960,0.071036,12.8667,89376.73,23827,monthly
greenland,peripheral_glaciers,2015-07,-0.012757,0.077183,-1.1402,89376.73,23827,monthly
greenland,peripheral_glaciers,2015-08,-0.164373,0.066790,-14.6911,89376.73,23827,monthly
greenland,peripheral_glaciers,2015-09,-0.205890,0.033290,-18.4018,89376.73,23827,monthly
greenland,peripheral_glaciers,2015-10,-0.174342,0.015152,-15.5821,89376.73,23827,monthly
greenland,peripheral_glaciers,2015-11,-0.114235,0.007452,-10.2099,89376.73,23827,monthly
greenland,peripheral_glaciers,2015-12,-0.045261,0.008332,-4.0453,89376.73,23827,monthly
greenland,peripheral_glaciers,2016-01,0.024954,0.010238,2.2303,89376.73,23827,monthly
greenland,peripheral_glaciers,2016-02,0.097887,0.010045,8.7488,89376.73,23827,monthly
greenland,peripheral_glaciers,2016-03,0.153603,0.017668,13.7285,89376.73,23827,monthly
greenland,peripheral_glaciers,2016-04,0.184546,0.030780,16.4941,89376.73,23827,monthly
greenland,peripheral_glaciers,2016-05,0.140575,0.050234,12.5641,89376.73,23827,monthly
greenland,peripheral_glaciers,2016-06,0.020041,0.063130,1.7912,89376.73,23827,monthly
greenland,peripheral_glaciers,2016-07,-0.109356,0.064638,-9.7739,89376.73,23827,monthly
greenland,peripheral_glaciers,2016-08,-0.213100,0.055597,-19.0462,89376.73,23827,monthly
greenland,peripheral_glaciers,2016-09,-0.227193,0.036643,-20.3058,89376.73,23827,monthly
greenland,peripheral_glaciers,2016-10,-0.182344,0.019249,-16.2973,89376.73,23827,monthly
greenland,peripheral_glaciers,2016-11,-0.108955,0.008480,-9.7381,89376.73,23827,monthly
greenland,peripheral_glaciers,2016-12,-0.021917,0.006206,-1.9589,89376.73,23827,monthly
greenland,peripheral_glaciers,2017-01,0.065439,0.010853,5.8488,89376.73,23827,monthly
greenland,peripheral_glaciers,2017-02,0.142044,0.017854,12.6954,89376.73,23827,monthly
greenland,peripheral_glaciers,2017-03,0.198636,0.023139,17.7534,89376.73,23827,monthly
greenland,peripheral_glaciers,2017-04,0.226090,0.037561,20.2072,89376.73,23827,monthly
greenland,peripheral_glaciers,2017-05,0.176765,0.049133,15.7986,89376.73,23827,monthly
greenland,peripheral_glaciers,2017-06,0.054561,0.053881,4.8765,89376.73,23827,monthly
greenland,peripheral_glaciers,2017-07,-0.084778,0.052807,-7.5772,89376.73,23827,monthly
greenland,peripheral_glaciers,2017-08,-0.188462,0.035990,-16.8441,89376.73,23827,monthly
greenland,peripheral_glaciers,2017-09,-0.204940,0.020316,-18.3169,89376.73,23827,monthly
greenland,peripheral_glaciers,2017-10,-0.167990,0.005259,-15.0144,89376.73,23827,monthly
greenland,peripheral_glaciers,2017-11,-0.109222,0.003069,-9.7619,89376.73,23827,monthly
greenland,peripheral_glaciers,2017-12,-0.041622,0.000548,-3.7201,89376.73,23827,monthly
greenland,peripheral_glaciers,2018-01,0.045291,0.000720,4.0479,89376.73,23827,monthly
greenland,peripheral_glaciers,2018-02,0.133243,0.002178,11.9088,89376.73,23827,monthly
greenland,peripheral_glaciers,2018-03,0.203633,0.001305,18.2000,89376.73,23827,monthly
greenland,peripheral_glaciers,2018-04,0.258650,0.003600,23.1173,89376.73,23827,monthly
greenland,peripheral_glaciers,2018-05,0.240589,0.004892,21.5031,89376.73,23827,monthly
greenland,peripheral_glaciers,2018-06,0.136392,0.001024,12.1903,89376.73,23827,monthly
greenland,peripheral_glaciers,2018-07,-0.002717,0.019201,-0.2428,89376.73,23827,monthly
greenland,peripheral_glaciers,2018-08,-0.137643,0.029409,-12.3020,89376.73,23827,monthly
greenland,peripheral_glaciers,2018-09,-0.182122,0.031911,-16.2774,89376.73,23827,monthly
greenland,peripheral_glaciers,2018-10,-0.155472,0.022810,-13.8955,89376.73,23827,monthly
greenland,peripheral_glaciers,2018-11,-0.101485,0.015333,-9.0704,89376.73,23827,monthly
greenland,peripheral_glaciers,2018-12,-0.037074,0.013314,-3.3135,89376.73,23827,monthly
greenland,peripheral_glaciers,2019-01,0.024081,0.013111,2.1523,89376.73,23827,monthly
greenland,peripheral_glaciers,2019-02,0.085770,0.014289,7.6659,89376.73,23827,monthly
greenland,peripheral_glaciers,2019-03,0.135532,0.016193,12.1134,89376.73,23827,monthly
greenland,peripheral_glaciers,2019-04,0.151385,0.024224,13.5303,89376.73,23827,monthly
greenland,peripheral_glaciers,2019-05,0.099539,0.043289,8.8965,89376.73,23827,monthly
greenland,peripheral_glaciers,2019-06,-0.015674,0.059391,-1.4009,89376.73,23827,monthly
greenland,peripheral_glaciers,2019-07,-0.133224,0.065686,-11.9072,89376.73,23827,monthly
greenland,peripheral_glaciers,2019-08,-0.215445,0.054618,-19.2558,89376.73,23827,monthly
greenland,peripheral_glaciers,2019-09,-0.226779,0.042991,-20.2688,89376.73,23827,monthly
greenland,peripheral_glaciers,2019-10,-0.201461,0.033134,-18.0060,89376.73,23827,monthly
greenland,peripheral_glaciers,2019-11,-0.156340,0.031784,-13.9732,89376.73,23827,monthly
greenland,peripheral_glaciers,2019-12,-0.101299,0.030415,-9.0538,89376.73,23827,monthly
greenland,peripheral_glaciers,2020-01,-0.034719,0.032856,-3.1030,89376.73,23827,monthly
greenland,peripheral_glaciers,2020-02,0.023917,0.035456,2.1376,89376.73,23827,monthly
greenland,peripheral_glaciers,2020-03,0.077612,0.039378,6.9367,89376.73,23827,monthly
greenland,peripheral_glaciers,2020-04,0.105828,0.046653,9.4586,89376.73,23827,monthly
greenland,peripheral_glaciers,2020-05,0.068091,0.044636,6.0857,89376.73,23827,monthly
greenland,peripheral_glaciers,2020-06,-0.035581,0.043336,-3.1801,89376.73,23827,monthly
greenland,peripheral_glaciers,2020-07,-0.152004,0.035191,-13.5856,89376.73,23827,monthly
greenland,peripheral_glaciers,2020-08,-0.237803,0.029263,-21.2540,89376.73,23827,monthly
greenland,peripheral_glaciers,2020-09,-0.243990,0.017703,-21.8070,89376.73,23827,monthly
greenland,peripheral_glaciers,2020-10,-0.208392,0.007696,-18.6254,89376.73,23827,monthly
greenland,peripheral_glaciers,2020-11,-0.152003,0.000347,-13.5855,89376.73,23827,monthly
greenland,peripheral_glaciers,2020-12,-0.089458,0.001290,-7.9954,89376.73,23827,monthly
greenland,peripheral_glaciers,2021-01,-0.021624,0.001978,-1.9326,89376.73,23827,monthly
greenland,peripheral_glaciers,2021-02,0.043787,0.003843,3.9136,89376.73,23827,monthly
greenland,peripheral_glaciers,2021-03,0.096287,0.000387,8.6058,89376.73,23827,monthly
greenland,peripheral_glaciers,2021-04,0.133422,0.011187,11.9248,89376.73,23827,monthly
greenland,peripheral_glaciers,2021-05,0.098542,0.030198,8.8074,89376.73,23827,monthly
greenland,peripheral_glaciers,2021-06,-0.009630,0.043208,-0.8607,89376.73,23827,monthly
greenland,peripheral_glaciers,2021-07,-0.135978,0.045840,-12.1533,89376.73,23827,monthly
greenland,peripheral_glaciers,2021-08,-0.233750,0.031376,-20.8918,89376.73,23827,monthly
greenland,peripheral_glaciers,2021-09,-0.249340,0.018829,-22.2852,89376.73,23827,monthly
greenland,peripheral_glaciers,2021-10,-0.215294,0.009602,-19.2423,89376.73,23827,monthly
greenland,peripheral_glaciers,2021-11,-0.151486,0.009426,-13.5393,89376.73,23827,monthly
greenland,peripheral_glaciers,2021-12,-0.084100,0.008378,-7.5166,89376.73,23827,monthly
greenland,peripheral_glaciers,2022-01,-0.008882,0.009447,-0.7938,89376.73,23827,monthly
greenland,peripheral_glaciers,2022-02,0.068288,0.012029,6.1034,89376.73,23827,monthly
greenland,peripheral_glaciers,2022-03,0.125108,0.015648,11.1817,89376.73,23827,monthly
greenland,peripheral_glaciers,2022-04,0.161112,0.023117,14.3997,89376.73,23827,monthly
greenland,peripheral_glaciers,2022-05,0.130716,0.028052,11.6830,89376.73,23827,monthly
greenland,peripheral_glaciers,2022-06,0.016043,0.029416,1.4338,89376.73,23827,monthly
greenland,peripheral_glaciers,2022-07,-0.115639,0.025354,-10.3354,89376.73,23827,monthly
greenland,peripheral_glaciers,2022-08,-0.227598,0.016989,-20.3420,89376.73,23827,monthly
greenland,peripheral_glaciers,2022-09,-0.257989,0.003961,-23.0582,89376.73,23827,monthly
greenland,peripheral_glaciers,2022-10,-0.229131,0.007936,-20.4790,89376.73,23827,monthly
greenland,peripheral_glaciers,2022-11,-0.174594,0.013724,-15.6047,89376.73,23827,monthly
greenland,peripheral_glaciers,2022-12,-0.117686,0.017207,-10.5184,89376.73,23827,monthly
greenland,peripheral_glaciers,2023-01,-0.046624,0.018488,-4.1671,89376.73,23827,monthly
greenland,peripheral_glaciers,2023-02,0.015054,0.017992,1.3455,89376.73,23827,monthly
greenland,peripheral_glaciers,2023-03,0.067023,0.016698,5.9903,89376.73,23827,monthly
greenland,peripheral_glaciers,2023-04,0.102606,0.011473,9.1705,89376.73,23827,monthly
greenland,peripheral_glaciers,2023-05,0.079704,0.004926,7.1237,89376.73,23827,monthly
greenland,peripheral_glaciers,2023-06,-0.024515,0.004654,-2.1910,89376.73,23827,monthly
greenland,peripheral_glaciers,2023-07,-0.142957,0.009898,-12.7770,89376.73,23827,monthly
greenland,peripheral_glaciers,2023-08,-0.255239,0.006278,-22.8125,89376.73,23827,monthly
greenland,peripheral_glaciers,2023-09,-0.280454,0.008752,-25.0661,89376.73,23827,monthly
greenland,peripheral_glaciers,2023-10,-0.252438,0.021023,-22.5621,89376.73,23827,monthly
greenland,peripheral_glaciers,2023-11,-0.201667,0.026928,-18.0243,89376.73,23827,monthly
greenland,peripheral_glaciers,2023-12,-0.156564,0.041767,-13.9932,89376.73,23827,monthly
