ice_sheet,domain,month,value_gt_per_yr,uncertainty_gt_per_yr,mean_m_ice_per_yr,period_years,area_km2,n_cells,sampling
antarctica,ice_shelves,1992-03,461.857170,60.079533,0.325597,0.250513,1546886.79,410013,quarterly
antarctica,ice_shelves,1992-06,486.486274,48.593108,0.342959,0.250513,1546886.79,410013,quarterly
antarctica,ice_shelves,1992-09,455.425285,59.668798,0.321062,0.250513,1546886.79,410013,quarterly
antarctica,ice_shelves,1992-12,350.552598,66.054571,0.247130,0.249944,1546886.79,410013,quarterly
antarctica,ice_shelves,1993-03,451.815107,58.449080,0.318517,0.249829,1546886.79,410013,quarterly
antarctica,ice_shelves,1993-06,532.804713,52.939548,0.375613,0.249829,1546886.79,410013,quarterly
antarctica,ice_shelves,1993-09,436.341891,47.375301,0.307609,0.249829,1546886.79,410013,quarterly
antarctica,ice_shelves,1993-12,308.563450,45.816441,0.217529,0.249829,1546886.79,410013,quarterly
antarctica,ice_shelves,1994-03,407.946823,51.035774,0.287591,0.249829,1546886.79,410013,quarterly
antarctica,ice_shelves,1994-06,447.321831,50.914560,0.315350,0.249829,1546886.79,410013,quarterly
antarctica,ice_shelves,1994-09,404.654123,50.084835,0.285270,0.249829,1546886.79,410013,quarterly
antarctica,ice_shelves,1994-12,310.875480,58.032291,0.219159,0.249829,1546886.79,410013,quarterly
antarctica,ice_shelves,1995-03,397.129042,56.981041,0.279965,0.249829,1546886.79,410013,quarterly
antarctica,ice_shelves,1995-06,480.408641,44.605569,0.338675,0.249829,1546886.79,410013,quarterly
antarctica,ice_shelves,1995-09,404.623118,42.501192,0.285248,0.249829,1546886.79,410013,quarterly
antarctica,ice_shelves,1995-12,363.205411,43.484921,0.256050,0.250398,1546886.79,410013,quarterly
antarctica,ice_shelves,1996-03,431.443609,48.407862,0.304156,0.250513,1546886.79,410013,quarterly
antarctica,ice_shelves,1996-06,504.977534,43.949563,0.355995,0.250513,1546886.79,410013,quarterly
antarctica,ice_shelves,1996-09,471.784904,50.626529,0.332595,0.250513,1546886.79,410013,quarterly
antarctica,ice_shelves,1996-12,357.265362,63.123977,0.251862,0.249944,1546886.79,410013,quarterly
antarctica,ice_shelves,1997-03,477.285598,57.921862,0.336473,0.249829,1546886.79,410013,quarterly
antarctica,ice_shelves,1997-06,505.488661,45.994016,0.356356,0.249829,1546886.79,410013,quarterly
antarctica,ice_shelves,1997-09,402.544226,50.522124,0.283783,0.249829,1546886.79,410013,quarterly
antarctica,ice_shelves,1997-12,296.078958,60.543025,0.208728,0.249829,1546886.79,410013,quarterly
antarctica,ice_shelves,1998-03,482.160834,72.360506,0.339910,0.249829,1546886.79,410013,quarterly
antarctica,ice_shelves,1998-06,551.876026,65.570233,0.389057,0.249829,1546886.79,410013,quarterly
antarctica,ice_shelves,1998-09,401.925359,44.125875,0.283346,0.249829,1546886.79,410013,quarterly
antarctica,ice_shelves,1998-12,328.284783,53.359634,0.231432,0.249829,1546886.79,410013,quarterly
antarctica,ice_shelves,1999-03,421.104437,51.895892,0.296867,0.249829,1546886.79,410013,quarterly
antarctica,ice_shelves,1999-06,496.450835,56.488405,0.349984,0.249829,1546886.79,410013,quarterly
antarctica,ice_shelves,1999-09,503.653576,54.718254,0.355062,0.249829,1546886.79,410013,quarterly
antarctica,ice_shelves,1999-12,387.673429,48.369693,0.273299,0.250398,1546886.79,410013,quarterly
antarctica,ice_shelves,2000-03,434.792471,50.691426,0.306517,0.250513,1546886.79,410013,quarterly
antarctica,ice_shelves,2000-06,484.834878,46.264372,0.341795,0.250513,1546886.79,410013,quarterly
antarctica,ice_shelves,2000-09,443.229415,40.133365,0.312465,0.250513,1546886.79,410013,quarterly
antarctica,ice_shelves,2000-12,302.420253,43.154810,0.213198,0.249944,1546886.79,410013,quarterly
antarctica,ice_shelves,2001-03,416.354737,50.214321,0.293519,0.249829,1546886.79,410013,quarterly
antarctica,ice_shelves,2001-06,513.645147,48.753238,0.362106,0.249829,1546886.79,410013,quarterly
antarctica,ice_shelves,2001-09,476.539266,51.561148,0.335947,0.249829,1546886.79,410013,quarterly
antarctica,ice_shelves,2001-12,416.129062,55.567260,0.293360,0.249829,1546886.79,410013,quarterly
antarctica,ice_shelves,2002-03,489.831878,52.892509,0.345318,0.249829,1546886.79,410013,quarterly
antarctica,ice_shelves,2002-06,512.887515,48.063917,0.361572,0.249829,1546886.79,410013,quarterly
antarctica,ice_shelves,2002-09,446.983485,48.141361,0.315111,0.249829,1546886.79,410013,quarterly
antarctica,ice_shelves,2002-12,333.608151,61.415389,0.235185,0.249829,1546886.79,410013,quarterly
antarctica,ice_shelves,2003-03,456.707347,61.402367,0.321966,0.249829,1546886.79,410013,quarterly
antarctica,ice_shelves,2003-06,482.325968,41.745860,0.340027,0.249829,1546886.79,410013,quarterly
antarctica,ice_shelves,2003-09,433.989060,41.383772,0.305950,0.249829,1546886.79,410013,quarterly
antarctica,ice_shelves,2003-12,291.472988,53.744950,0.205480,0.250398,1546886.79,410013,quarterly
antarctica,ice_shelves,2004-03,426.776721,56.150785,0.300866,0.250513,1546886.79,410013,quarterly
antarctica,ice_shelves,2004-06,511.900528,52.394395,0.360876,0.250513,1546886.79,410013,quarterly
antarctica,ice_shelves,2004-09,456.169401,45.569863,0.321587,0.250513,1546886.79,410013,quarterly
antarctica,ice_shelves,2004-12,332.777438,50.309169,0.234599,0.249944,1546886.79,410013,quarterly
antarctica,ice_shelves,2005-03,453.140054,54.703877,0.319451,0.249829,1546886.79,410013,quarterly
antarctica,ice_shelves,2005-06,519.532656,45.293223,0.366256,0.249829,1546886.79,410013,quarterly
antarctica,ice_shelves,2005-09,442.938606,45.333717,0.312260,0.249829,1546886.79,410013,quarterly
antarctica,ice_shelves,2005-12,341.109690,60.016985,0.240473,0.249829,1546886.79,410013,quarterly
antarctica,ice_shelves,2006-03,488.714587,61.329689,0.344530,0.249829,1546886.79,410013,quarterly
antarctica,ice_shelves,2006-06,530.060498,51.084299,0.373678,0.249829,1546886.79,410013,quarterly
antarctica,ice_shelves,2006-09,466.639111,46.382112,0.328968,0.249829,1546886.79,410013,quarterly
antarctica,ice_shelves,2006-12,337.581717,48.355222,0.237986,0.249829,1546886.79,410013,quarterly
antarctica,ice_shelves,2007-03,395.553293,51.247513,0.278854,0.249829,1546886.79,410013,quarterly
antarctica,ice_shelves,2007-06,473.204409,47.640209,0.333596,0.249829,1546886.79,410013,quarterly
antarctica,ice_shelves,2007-09,405.933263,44.209262,0.286172,0.249829,1546886.79,410013,quarterly
antarctica,ice_shelves,2007-12,335.205030,50.944177,0.236310,0.250398,1546886.79,410013,quarterly
antarctica,ice_shelves,2008-03,460.135375,50.850354,0.324383,0.250513,1546886.79,410013,quarterly
antarctica,ice_shelves,2008-06,507.494986,45.290203,0.357770,0.250513,1546886.79,410013,quarterly
antarctica,ice_shelves,2008-09,454.233742,48.494067,0.320222,0.250513,1546886.79,410013,quarterly
antarctica,ice_shelves,2008-12,316.138267,81.201565,0.222869,0.249944,1546886.79,410013,quarterly
antarctica,ice_shelves,2009-03,458.377750,128.567337,0.323144,0.249829,1546886.79,410013,quarterly
antarctica,ice_shelves,2009-06,482.716952,131.196472,0.340302,0.249829,1546886.79,410013,quarterly
antarctica,ice_shelves,2009-09,425.984700,105.328096,0.300307,0.249829,1546886.79,410013,quarterly
antarctica,ice_shelves,2009-12,315.303980,104.703828,0.222281,0.249829,1546886.79,410013,quarterly
antarctica,ice_shelves,2010-03,384.303466,129.510280,0.270923,0.249829,1546886.79,410013,quarterly
antarctica,ice_shelves,2010-06,482.735804,146.105199,0.340315,0.249829,1546886.79,410013,quarterly
antarctica,ice_shelves,2010-09,466.217272,131.766491,0.328670,0.249829,1546886.79,410013,quarterly
antarctica,ice_shelves,2010-12,338.823537,113.102566,0.238861,0.249829,1546886.79,410013,quarterly
antarctica,ice_shelves,2011-03,446.763955,115.749182,0.314956,0.249829,1546886.79,410013,quarterly
antarctica,ice_shelves,2011-06,559.787959,129.615330,0.394635,0.249829,1546886.79,410013,quarterly
antarctica,ice_shelves,2011-09,480.895103,134.420514,0.339018,0.249829,1546886.79,410013,quarterly
antarctica,ice_shelves,2011-12,364.551945,119.654539,0.256999,0.250398,1546886.79,410013,quarterly
antarctica,ice_shelves,2012-03,483.496912,110.381062,0.340852,0.250513,1546886.79,410013,quarterly
antarctica,ice_shelves,2012-06,492.662545,86.572616,0.347314,0.250513,1546886.79,410013,quarterly
antarctica,ice_shelves,2012-09,401.755258,84.934517,0.283226,0.250513,1546886.79,410013,quarterly
antarctica,ice_shelves,2012-12,308.853832,108.071299,0.217733,0.249944,1546886.79,410013,quarterly
antarctica,ice_shelves,2013-03,479.922993,142.598856,0.338332,0.249829,1546886.79,410013,quarterly
antarctica,ice_shelves,2013-06,530.676528,133.312651,0.374112,0.249829,1546886.79,410013,quarterly
antarctica,ice_shelves,2013-09,442.567631,107.525203,0.311998,0.249829,1546886.79,410013,quarterly
antarctica,ice_shelves,2013-12,294.681148,115.568745,0.207742,0.249829,1546886.79,410013,quarterly
antarctica,ice_shelves,2014-03,446.903015,120.104407,0.315054,0.249829,1546886.79,410013,quarterly
antarctica,ice_shelves,2014-06,529.950607,117.518450,0.373601,0.249829,1546886.79,410013,quarterly
antarctica,ice_shelves,2014-09,459.638051,106.628638,0.324032,0.249829,1546886.79,410013,quarterly
antarctica,ice_shelves,2014-12,316.505535,107.933962,0.223128,0.249829,1546886.79,410013,quarterly
antarctica,ice_shelves,2015-03,461.446712,104.267453,0.325307,0.249829,1546886.79,410013,quarterly
antarctica,ice_shelves,2015-06,501.704449,99.725617,0.353688,0.249829,1546886.79,410013,quarterly
antarctica,ice_shelves,2015-09,481.524136,90.267168,0.339461,0.249829,1546886.79,410013,quarterly
antarctica,ice_shelves,2015-12,375.149084,98.547082,0.264470,0.250398,1546886.79,410013,quarterly
antarctica,ice_shelves,2016-03,493.982110,126.233903,0.348244,0.250513,1546886.79,410013,quarterly
antarctica,ice_shelves,2016-06,533.893968,117.576511,0.376381,0.250513,1546886.79,410013,quarterly
antarctica,ice_shelves,2016-09,482.673157,105.420748,0.340271,0.250513,1546886.79,410013,quarterly
antarctica,ice_shelves,2016-12,342.067407,100.727713,0.241148,0.249944,1546886.79,410013,quarterly
antarctica,ice_shelves,2017-03,469.782625,100.727713,0.331184,0.249829,1546886.79,410013,quarterly
antarctica,ice_shelves,2017-06,553.624984,100.727713,0.390290,0.249829,1546886.79,410013,quarterly
antarctica,ice_shelves,2017-09,487.304864,100.727713,0.343536,0.249829,1546886.79,410013,quarterly
